CPX,PDBChain,PDBResNo,PDBResName,Classe
1A4Y,A,261,TRP,NS
1A4Y,A,263,TRP,NS
1A4Y,A,289,SER,NS
1A4Y,A,318,TRP,NS
1A4Y,A,320,LYS,NS
1A4Y,A,344,GLU,NS
1A4Y,A,375,TRP,NS
1A4Y,A,401,GLU,NS
1A4Y,A,434,TYR,HS
1A4Y,A,435,ASP,HS
1A4Y,A,437,TYR,NS
1A4Y,A,457,ARG,NS
1A4Y,A,459,ILE,NS
1A4Y,B,5,ARG,HS
1A4Y,B,8,HIS,NS
1A4Y,B,12,GLN,NS
1A4Y,B,13,HIS,NS
1A4Y,B,31,ARG,NS
1A4Y,B,32,ARG,NS
1A4Y,B,68,ASN,NS
1A4Y,B,84,HIS,NS
1A4Y,B,89,TRP,NS
1A4Y,B,108,GLU,NS
1A4Y,B,114,HIS,NS
1AHW,C,167,THR,NS
1AHW,C,170,THR,NS
1AHW,C,176,LEU,NS
1AHW,C,178,ASP,NS
1AHW,C,197,THR,NS
1AHW,C,198,VAL,NS
1BRS,D,29,TYR,HS
1BRS,D,35,ASP,HS
1BRS,D,39,ASP,HS
1BRS,D,42,THR,NS
1BRS,D,76,GLU,NS
1BRS,B,27,LYS,HS
1BRS,B,59,ARG,HS
1BRS,B,60,GLU,NS
1BRS,B,73,GLU,HS
1BRS,B,87,ARG,HS
1BRS,B,102,HIS,HS
1BXI,A,23,CYS,NS
1BXI,A,24,ASN,NS
1BXI,A,27,THR,NS
1BXI,A,28,SER,NS
1BXI,A,29,SER,NS
1BXI,A,30,GLU,NS
1BXI,A,33,LEU,HS
1BXI,A,34,VAL,HS
1BXI,A,37,VAL,NS
1BXI,A,38,THR,NS
1BXI,A,41,GLU,HS
1BXI,A,48,SER,NS
1BXI,A,49,GLY,NS
1BXI,A,50,SER,HS
1BXI,A,51,ASP,HS
1BXI,A,55,TYR,HS
1BXI,A,56,PRO,NS
1CBW,D,11,THR,NS
1CBW,D,15,LYS,HS
1CBW,D,17,ARG,NS
1CBW,D,19,ILE,NS
1CBW,D,34,VAL,NS
1CBW,D,39,ARG,NS
1DAN,T,15,LYS,NS
1DAN,T,17,THR,NS
1DAN,T,18,ASN,NS
1DAN,T,20,LYS,HS
1DAN,T,21,THR,NS
1DAN,T,22,ILE,NS
1DAN,T,24,GLU,NS
1DAN,T,41,LYS,NS
1DAN,T,42,SER,NS
1DAN,T,44,ASP,NS
1DAN,T,46,LYS,NS
1DAN,T,47,SER,NS
1DAN,T,50,PHE,NS
1DAN,T,58,ASP,HS
1DAN,T,68,LYS,NS
1DVF,A,30,HIS,NS
1DVF,A,32,TYR,HS
1DVF,A,49,TYR,NS
1DVF,A,50,TYR,NS
1DVF,A,92,TRP,NS
1DVF,A,93,SER,NS
1DVF,B,30,THR,NS
1DVF,B,32,TYR,NS
1DVF,B,52,TRP,HS
1DVF,B,54,ASP,HS
1DVF,B,56,ASN,NS
1DVF,B,58,ASP,NS
1DVF,B,98,GLU,HS
1DVF,B,99,ARG,NS
1DX5,M,24,ILE,NS
1DX5,M,34,PHE,HS
1DX5,M,37,PRO,NS
1DX5,M,38,GLN,NS
1DX5,M,39,GLU,NS
1DX5,M,65,LEU,NS
1DX5,M,67,ARG,HS
1DX5,M,74,THR,NS
1DX5,M,75,ARG,NS
1DX5,M,76,TYR,HS
1DX5,M,80,GLU,HS
1DX5,M,81,LYS,NS
1DX5,M,82,ILE,HS
1DX5,M,84,MET,NS
1DX5,M,110,LYS,NS
1DX5,M,235,LYS,NS
1GC1,C,23,SER,NS
1GC1,C,25,GLN,NS
1GC1,C,27,HIS,NS
1GC1,C,29,LYS,NS
1GC1,C,32,ASN,NS
1GC1,C,33,GLN,NS
1GC1,C,35,LYS,NS
1GC1,C,40,GLN,NS
1GC1,C,42,SER,NS
1GC1,C,44,LEU,NS
1GC1,C,45,THR,NS
1GC1,C,52,ASN,NS
1GC1,C,59,ARG,NS
1GC1,C,60,SER,NS
1GC1,C,63,ASP,NS
1GC1,C,64,GLN,NS
1GC1,C,85,GLU,NS
1NMB,H,56,ASP,HS
1NMB,H,99,TYR,HS
1NMB,N,93,THR,NS
1VFB,A,30,HIS,NS
1VFB,A,32,TYR,NS
1VFB,A,49,TYR,NS
1VFB,A,50,TYR,NS
1VFB,A,53,THR,NS
1VFB,A,92,TRP,NS
1VFB,B,30,THR,NS
1VFB,B,32,TYR,NS
1VFB,B,52,TRP,NS
1VFB,B,99,ARG,NS
1VFB,B,100,ASP,HS
1VFB,B,101,TYR,HS
1VFB,C,18,ASP,NS
1VFB,C,19,ASN,NS
1VFB,C,23,TYR,NS
1VFB,C,24,SER,NS
1VFB,C,116,LYS,NS
1VFB,C,118,THR,NS
1VFB,C,119,ASP,NS
1VFB,C,120,VAL,NS
1VFB,C,121,GLN,HS
1VFB,C,124,ILE,NS
1VFB,C,125,ARG,NS
1VFB,C,129,LEU,NS
3HFM,H,31,SER,NS
3HFM,H,32,ASP,HS
3HFM,H,33,TYR,HS
3HFM,H,50,TYR,HS
3HFM,H,53,TYR,HS
3HFM,H,58,TYR,NS
3HFM,L,31,ASN,HS
3HFM,L,32,ASN,HS
3HFM,L,50,TYR,HS
3HFM,L,53,GLN,NS
3HFM,L,96,TYR,HS
3HFM,Y,20,TYR,HS
3HFM,Y,21,ARG,NS
3HFM,Y,63,TRP,NS
3HFM,Y,73,ARG,NS
3HFM,Y,75,LEU,NS
3HFM,Y,89,THR,NS
3HFM,Y,93,ASN,NS
3HFM,Y,96,LYS,HS
3HFM,Y,97,LYS,HS
3HFM,Y,100,SER,NS
3HFM,Y,101,ASP,NS
1FC2,C,147,ASN,NS
1FC2,C,150,ILE,HS
1FC2,C,154,LYS,NS
1DFJ,I,202,GLU,NS
1DFJ,I,257,TRP,NS
1DFJ,I,259,TRP,HS
1DFJ,I,283,GLU,NS
1DFJ,I,285,SER,NS
1DFJ,I,314,TRP,NS
1DFJ,I,316,LYS,NS
1DFJ,I,340,GLU,NS
1DFJ,I,397,GLU,NS
1DFJ,I,430,TYR,HS
1DFJ,I,431,ASP,HS
1DFJ,I,433,TYR,HS
1DFJ,I,453,ARG,NS
1DZI,A,154,ASN,NS
1DZI,A,157,TYR,HS
1DZI,A,215,GLN,HS
1DZI,A,219,ASP,NS
1DZI,A,220,LEU,NS
1DZI,A,221,THR,HS
1DZI,A,256,GLU,NS
1DZI,A,258,HIS,NS
1ES7,A,26,VAL,NS
1ES7,A,31,TRP,HS
1ES7,A,49,PHE,NS
1ES7,A,50,PRO,NS
1GL4,A,403,ARG,NS
1GL4,A,427,ASP,HS
1GL4,A,429,HIS,HS
1GL4,A,431,TYR,HS
1GL4,A,440,TYR,NS
1GL4,A,616,GLU,HS
1GL4,A,620,ARG,HS
1UB4,C,453,PHE,NS
1UB4,C,455,LEU,HS
1UB4,C,458,LEU,HS
1FCC,C,25,THR,NS
1FCC,C,27,GLU,HS
1FCC,C,28,LYS,NS
1FCC,C,31,LYS,HS
1FCC,C,35,ASN,HS
1FCC,C,40,ASP,NS
1FCC,C,42,GLU,NS
1FCC,C,43,TRP,HS
3SAK,C,8,GLU,NS
3SAK,C,10,PHE,HS
3SAK,C,11,THR,NS
3SAK,C,12,LEU,HS
3SAK,C,13,GLN,NS
3SAK,C,14,ILE,HS
3SAK,C,15,ARG,NS
3SAK,C,17,ARG,NS
3SAK,C,20,PHE,HS
3SAK,C,23,PHE,HS
3SAK,C,26,LEU,HS
3SAK,C,27,ASN,NS
3SAK,C,30,LEU,HS
3SAK,C,34,ASP,NS
1FAK,T,15,LYS,NS
1FAK,T,17,THR,NS
1FAK,T,18,ASN,NS
1FAK,T,20,LYS,HS
1FAK,T,22,ILE,NS
1FAK,T,24,GLU,NS
1FAK,T,42,SER,NS
1FAK,T,46,LYS,NS
1FAK,T,47,SER,NS
1FAK,T,48,LYS,NS
1FAK,T,50,PHE,NS
1FAK,T,58,ASP,HS
1FAK,T,128,GLU,NS
1FAK,T,133,LEU,NS
1FAK,T,135,ARG,NS
1FAK,T,140,PHE,NS
1FAK,T,203,THR,NS
1FAK,T,207,VAL,NS
1IAR,A,5,ILE,NS
1IAR,A,6,THR,NS
1IAR,A,8,GLN,NS
1IAR,A,11,ILE,NS
1IAR,A,13,THR,NS
1IAR,A,15,ASN,NS
1IAR,A,16,SER,NS
1IAR,A,19,GLU,NS
1IAR,A,77,LYS,NS
1IAR,A,78,GLN,NS
1IAR,A,81,ARG,NS
1IAR,A,82,PHE,NS
1IAR,A,84,LYS,NS
1IAR,A,85,ARG,NS
1IAR,A,88,ARG,NS
1IAR,A,89,ASN,HS
1IAR,A,91,TRP,NS
1JCK,B,20,THR,NS
1JCK,B,26,TYR,NS
1JCK,B,60,ASN,NS
1JCK,B,90,TYR,HS
1JCK,B,91,VAL,HS
1JCK,B,103,LYS,NS
1JCK,B,176,PHE,NS
1GCQ,C,608,PRO,NS
1GCQ,C,609,PRO,NS
1GCQ,C,657,PRO,NS
1AK4,D,485,PRO,NS
1AK4,D,486,VAL,NS
1AK4,D,487,HIS,NS
1AK4,D,489,GLY,HS
1AK4,D,490,PRO,HS
1AK4,D,491,ILE,NS
1AK4,D,493,PRO,NS
2I9B,E,137,ARG,NS
2I9B,E,139,LYS,NS
2I9B,E,142,ARG,NS
2I9B,E,143,HIS,NS
2I9B,E,145,ARG,NS
1UUZ,D,64,CYS,NS
3BP8,A,136,PHE,NS
2WPT,B,54,ARG,NS
2WPT,B,72,ASN,NS
2WPT,B,74,SER,NS
2WPT,B,75,ASN,NS
2WPT,B,77,SER,NS
2WPT,B,78,SER,NS
2WPT,B,84,SER,NS
2WPT,B,86,PHE,NS
2WPT,B,87,THR,NS
2WPT,B,92,GLN,NS
2WPT,B,97,LYS,NS
2WPT,B,98,VAL,NS
2WPT,A,30,GLU,NS
2WPT,A,37,VAL,HS
2WPT,A,41,GLU,HS
2WPT,A,50,SER,HS
2WPT,A,56,PRO,HS
2PCC,A,34,ASP,NS
2PCC,A,197,VAL,HS
2PCC,A,290,GLU,HS
2PCC,B,87,LYS,NS
2JEL,P,62,THR,NS
2JEL,P,68,GLU,NS
2JEL,P,70,GLU,HS
2JEL,P,76,HIS,NS
2JEL,P,83,GLU,NS
2O3B,B,24,GLU,HS
2O3B,B,74,GLN,HS
2O3B,B,76,TRP,HS
2BTF,P,59,PHE,HS
2BTF,P,125,LYS,NS
1XD3,B,6,LYS,NS
1XD3,B,8,LEU,HS
1XD3,B,24,GLU,NS
1XD3,B,27,LYS,NS
1XD3,B,39,ASP,NS
1XD3,B,44,ILE,HS
1XD3,B,51,GLU,NS
1XD3,B,52,ASP,NS
1XD3,B,58,ASP,NS
1S1Q,A,43,VAL,NS
1S1Q,A,44,PHE,NS
1S1Q,A,45,ASN,NS
1S1Q,A,46,ASP,NS
1S1Q,A,75,TRP,NS
1S1Q,A,88,PHE,NS
1LFD,A,20,ARG,NS
1LFD,A,32,LYS,NS
1LFD,A,48,LYS,NS
1LFD,A,51,ASP,NS
1LFD,A,52,LYS,NS
1LFD,A,56,ASP,NS
1LFD,A,57,GLU,NS
1KTZ,A,25,ARG,NS
1KTZ,A,94,ARG,HS
1KTZ,B,27,LEU,HS
1KTZ,B,30,PHE,HS
1KTZ,B,32,ASP,NS
1KTZ,B,47,ASN,NS
1KTZ,B,49,SER,NS
1KTZ,B,50,ILE,NS
1KTZ,B,51,THR,NS
1KTZ,B,52,SER,NS
1KTZ,B,53,ILE,NS
1KTZ,B,55,GLU,NS
1KTZ,B,62,VAL,NS
1KTZ,B,75,GLU,NS
1KTZ,B,77,VAL,NS
1KTZ,B,79,HIS,NS
1KTZ,B,110,PHE,NS
1KTZ,B,112,MET,NS
1KTZ,B,118,ASP,NS
1KTZ,B,119,GLU,NS
1KTZ,B,125,ILE,NS
1H9D,B,3,ARG,NS
1H9D,B,4,VAL,NS
1H9D,B,61,GLY,NS
1H9D,B,67,GLN,NS
1H9D,B,103,LEU,NS
1H9D,B,104,ASN,HS
1FFW,B,171,GLU,NS
1FFW,B,178,GLU,NS
1FFW,B,181,HIS,NS
1FFW,B,202,ASP,NS
1FFW,B,207,ASP,NS
1FFW,B,213,CYS,NS
1FFW,B,214,PHE,HS
1FFW,B,216,ILE,NS
3NPS,A,30,GLN,NS
3NPS,A,41,ILE,NS
3NPS,A,87,ARG,NS
3NPS,A,94,PHE,NS
3NPS,A,95,ASN,NS
3NPS,A,96,ASP,NS
3NPS,A,97,PHE,NS
3NPS,A,98,THR,NS
3NPS,A,143,HIS,NS
3NPS,A,145,GLN,NS
3NPS,A,146,TYR,NS
3NPS,A,150,THR,NS
3NPS,A,169,GLU,NS
3NPS,A,175,GLN,NS
3NPS,A,217,ASP,NS
3NPS,A,222,ARG,NS
3NPS,A,224,LYS,NS
2FTL,I,12,GLY,HS
2FTL,I,15,LYS,HS
2FTL,I,18,ILE,HS
2FTL,I,36,GLY,HS
1Z7X,W,206,GLU,NS
1Z7X,W,261,TRP,NS
1Z7X,W,263,TRP,HS
1Z7X,W,287,GLU,NS
1Z7X,W,289,SER,NS
1Z7X,W,318,TRP,NS
1Z7X,W,320,LYS,NS
1Z7X,W,344,GLU,NS
1Z7X,W,375,TRP,NS
1Z7X,W,401,GLU,NS
1Z7X,W,434,TYR,HS
1Z7X,W,435,ASP,HS
1Z7X,W,437,TYR,HS
1Z7X,W,457,ARG,NS
1Z7X,W,459,ILE,NS
1PPF,I,13,LYS,NS
1PPF,I,14,PRO,NS
1PPF,I,17,THR,HS
1PPF,I,18,LEU,NS
1PPF,I,19,GLU,NS
1PPF,I,20,TYR,HS
1PPF,I,21,ARG,NS
1PPF,I,32,GLY,NS
1PPF,I,36,ASN,NS
3SGB,I,13,LYS,NS
3SGB,I,14,PRO,NS
3SGB,I,17,THR,HS
3SGB,I,18,LEU,HS
3SGB,I,19,GLU,NS
3SGB,I,20,TYR,NS
3SGB,I,21,ARG,NS
3SGB,I,32,GLY,NS
3SGB,I,36,ASN,NS
2GOX,B,131,ARG,HS
2GOX,B,138,ASN,NS
2J0T,D,2,THR,HS
2J0T,D,4,VAL,NS
2J0T,D,66,MET,NS
2J0T,D,68,SER,HS
3BK3,C,18,ILE,NS
3BK3,C,21,ILE,NS
3BK3,C,27,ILE,NS
1EAW,A,23,GLN,NS
1EAW,A,26,ILE,NS
1EAW,A,45,ILE,NS
1EAW,A,46,ASP,NS
1EAW,A,47,ASP,NS
1EAW,A,48,ARG,NS
1EAW,A,50,PHE,NS
1EAW,A,51,ARG,NS
1EAW,A,52,TYR,NS
1EAW,A,82,ARG,NS
1EAW,A,89,PHE,NS
1EAW,A,90,ASN,NS
1EAW,A,91,ASP,NS
1EAW,A,92,PHE,NS
1EAW,A,93,THR,NS
1EAW,A,138,HIS,NS
1EAW,A,140,GLN,NS
1EAW,A,141,TYR,NS
1EAW,A,144,THR,NS
1EAW,A,147,LEU,NS
1EAW,A,163,GLU,NS
1EAW,A,168,GLN,NS
1EAW,A,169,GLN,NS
1EAW,A,214,ASP,HS
1EAW,A,218,GLN,NS
1EAW,A,219,ARG,NS
1EAW,A,221,LYS,NS
3BN9,A,24,GLN,NS
3BN9,A,27,ILE,NS
3BN9,A,46,ILE,NS
3BN9,A,47,ASP,NS
3BN9,A,48,ASP,NS
3BN9,A,49,ARG,NS
3BN9,A,51,PHE,NS
3BN9,A,52,ARG,NS
3BN9,A,53,TYR,NS
3BN9,A,83,ARG,NS
3BN9,A,90,PHE,NS
3BN9,A,91,ASN,NS
3BN9,A,94,THR,NS
3BN9,A,139,HIS,NS
3BN9,A,141,GLN,NS
3BN9,A,142,TYR,NS
1DQJ,A,31,ASN,HS
1DQJ,A,32,ASN,HS
1DQJ,A,50,TYR,HS
1DQJ,A,91,SER,NS
1DQJ,A,96,TYR,NS
1DQJ,B,32,ASP,HS
1DQJ,B,33,TYR,HS
1DQJ,B,50,TYR,HS
1DQJ,B,53,TYR,NS
1DQJ,B,98,TRP,HS
1DQJ,C,20,TYR,HS
1DQJ,C,21,ARG,NS
1DQJ,C,62,TRP,NS
1DQJ,C,63,TRP,NS
1DQJ,C,75,LEU,NS
1DQJ,C,89,THR,NS
1DQJ,C,93,ASN,NS
1DQJ,C,96,LYS,HS
1DQJ,C,97,LYS,HS
1DQJ,C,100,SER,NS
1DQJ,C,101,ASP,NS
2G2U,B,31,GLU,NS
2G2U,B,35,SER,NS
2G2U,B,36,PHE,HS
2G2U,B,39,SER,NS
2G2U,B,41,HIS,NS
2G2U,B,48,GLY,NS
2G2U,B,50,TYR,NS
2G2U,B,51,TYR,NS
2G2U,B,53,TYR,HS
2G2U,B,71,SER,NS
2G2U,B,73,GLU,NS
2G2U,B,74,LYS,NS
2G2U,B,112,TRP,NS
2G2U,B,113,SER,NS
2G2U,B,141,GLY,NS
2G2U,B,142,PHE,NS
2G2U,B,143,TYR,NS
2G2U,B,144,ARG,NS
2G2U,B,148,HIS,NS
2G2U,B,150,TRP,NS
2G2U,B,160,ARG,NS
2G2U,B,162,TRP,NS
1CHO,I,17,THR,HS
1CHO,I,18,LEU,HS
1CHO,I,32,GLY,NS
