CPX,PDBChain,PDBResNo,PDBResName,Classe,pssm_1_A,pssm_1_R,pssm_1_N,pssm_1_D,pssm_1_C,pssm_1_Q,pssm_1_E,pssm_1_G,pssm_1_H,pssm_1_I,pssm_1_L,pssm_1_K,pssm_1_M,pssm_1_F,pssm_1_P,pssm_1_S,pssm_1_T,pssm_1_W,pssm_1_Y,pssm_1_V,pssm_2_A,pssm_2_R,pssm_2_N,pssm_2_D,pssm_2_C,pssm_2_Q,pssm_2_E,pssm_2_G,pssm_2_H,pssm_2_I,pssm_2_L,pssm_2_K,pssm_2_M,pssm_2_F,pssm_2_P,pssm_2_S,pssm_2_T,pssm_2_W,pssm_2_Y,pssm_2_V,stats_1,stats_2,binary_class
1A4Y,A,261,TRP,NS,-4,4,-4,-3,-1,-3,-3,-1,-4,-3,-2,-1,-3,-2,-5,-2,-3,10,0,1,0,24,0,2,1,0,0,6,0,0,4,2,0,0,0,4,0,42,2,14,1.38,0.39,0
1A4Y,A,263,TRP,NS,-3,0,-1,-3,-2,-3,-1,2,-4,-4,-4,0,-4,-3,-5,1,-3,10,-1,-4,1,6,4,1,1,0,4,16,0,1,0,6,0,0,0,15,0,45,0,1,1.43,0.39,0
1A4Y,A,289,SER,NS,-1,-3,1,4,-4,-1,0,-3,-3,-4,0,-2,-3,-4,-3,4,-1,-5,-4,-3,1,0,4,32,0,2,5,0,0,0,13,1,0,0,0,42,0,0,0,0,0.67,0.29,0
1A4Y,A,318,TRP,NS,0,2,-1,-5,-4,-2,-4,-1,-4,-4,-4,-1,-4,-2,-5,-1,-4,11,0,-2,10,12,4,0,0,2,0,5,0,1,0,4,0,0,0,5,0,54,1,3,1.78,0.45,0
1A4Y,A,320,LYS,NS,-2,3,-2,2,-2,-1,0,0,-3,-4,-4,3,0,-3,-3,-1,-2,7,-2,-3,1,18,0,15,1,1,4,6,0,0,0,27,3,0,0,2,1,20,0,1,0.74,0.27,0
1A4Y,A,344,GLU,NS,-2,-1,-2,2,-5,0,6,-4,1,-3,-4,-1,-4,-5,-3,-2,-3,-5,-4,0,1,1,0,11,0,1,70,0,3,1,1,2,0,0,0,0,0,0,0,9,1.14,0.39,0
1A4Y,A,375,TRP,NS,-4,2,-1,-5,3,-1,-3,0,-4,-4,-4,-3,-4,-2,-6,-2,-4,11,0,-3,1,11,4,0,6,3,1,8,0,1,0,1,0,1,0,3,0,59,2,1,2.1,0.51,0
1A4Y,A,401,GLU,NS,-3,-2,-3,0,-5,0,6,-4,0,-4,0,-1,-3,-3,-4,-2,-3,-4,0,-3,0,1,0,4,0,2,72,0,2,0,12,1,0,1,0,1,0,0,3,2,1.12,0.4,0
1A4Y,A,434,TYR,HS,-3,-1,-2,2,-4,-2,-2,-1,1,-3,-2,-2,-1,4,-4,0,-2,2,6,-3,1,4,1,14,0,1,1,5,3,0,3,2,1,19,0,9,1,3,36,0,0.67,0.28,1
1A4Y,A,435,ASP,HS,-2,-1,0,5,-4,-2,0,2,0,-4,-4,-2,-4,-3,-3,1,1,-2,0,-3,0,2,2,46,0,0,4,16,2,0,0,1,0,1,0,10,11,1,4,1,0.68,0.27,1
1A4Y,A,437,TYR,NS,-2,-2,0,2,-4,-2,-1,0,4,-3,-3,-3,-3,1,-3,1,-2,1,6,-3,1,1,4,14,0,0,3,9,11,1,1,0,0,5,0,12,1,2,35,0,0.6,0.26,0
1A4Y,A,457,ARG,NS,-2,4,-2,2,-4,0,-1,-3,-2,-2,-2,4,-3,-3,-3,-2,2,-4,-3,-2,0,25,0,16,0,3,0,0,0,3,2,33,0,1,0,0,14,0,0,3,0.57,0.24,0
1A4Y,A,459,ILE,NS,-3,-4,-5,-5,-3,-4,-3,-3,-5,5,4,-4,0,-2,-5,-4,-2,-4,-3,1,0,0,0,0,0,0,1,2,0,37,52,0,0,0,0,0,1,0,0,8,0.85,0.28,0
1A4Y,B,5,ARG,HS,-3,6,-2,-4,-5,1,-2,-3,-3,-4,-3,0,5,-4,-4,0,-1,-5,-4,-4,1,60,1,0,0,5,0,1,0,0,0,1,20,0,0,7,4,0,0,0,1.16,0.39,1
1A4Y,B,8,HIS,NS,-2,4,0,0,-5,1,-1,-3,6,-4,-4,4,-3,-4,-3,-2,-1,-5,-3,-4,1,21,3,6,0,4,2,1,21,1,0,34,0,0,0,1,4,0,0,0,0.8,0.3,0
1A4Y,B,12,GLN,NS,-4,0,-3,-3,-6,8,0,-5,1,-6,-5,2,-3,-6,-4,-3,-3,-5,-4,-5,0,2,0,0,0,80,3,0,3,0,0,11,0,0,0,0,0,0,0,0,1.83,0.55,0
1A4Y,B,13,HIS,NS,-5,-4,-3,-4,-6,-3,-3,-5,11,-6,-6,-4,-5,-5,-5,-4,-5,-6,-2,-6,0,0,0,0,0,0,0,0,98,0,0,0,0,0,0,0,0,0,0,0,3.35,0.74,0
1A4Y,B,31,ARG,NS,-2,4,-2,-2,-5,5,1,-2,1,-4,-4,3,-2,-5,-3,-1,-2,-4,-3,-2,2,26,0,1,0,32,6,3,3,1,0,19,1,0,0,4,0,0,0,3,0.74,0.29,0
1A4Y,B,32,ARG,NS,-3,6,0,-3,-5,1,0,-4,-2,-3,-3,3,-3,-5,-4,0,-2,-5,-4,-4,1,57,4,0,0,6,5,0,0,1,1,14,0,0,0,9,1,0,0,0,1.02,0.34,0
1A4Y,B,68,ASN,NS,-1,2,5,2,-4,1,0,1,-1,-4,-4,1,-2,-5,-3,-1,-1,-5,-4,-4,3,12,41,10,0,4,4,10,0,0,1,8,1,0,0,3,3,0,0,0,0.61,0.24,0
1A4Y,B,84,HIS,NS,-1,3,-2,-3,-3,1,-2,-3,3,0,-3,2,-1,-3,-3,0,3,-4,-2,0,3,16,0,0,0,7,0,0,8,6,0,17,2,0,0,7,27,0,1,5,0.39,0.21,0
1A4Y,B,89,TRP,NS,1,5,-1,-3,-4,-1,-2,-3,-1,-3,-1,1,-3,-2,1,-1,-1,4,1,-3,15,45,3,0,0,1,0,1,1,0,6,4,0,1,6,3,2,6,5,1,0.59,0.26,0
1A4Y,B,108,GLU,NS,-2,-1,-1,2,-5,1,6,-3,-2,-3,-2,0,-2,-5,-3,-2,-3,-5,-4,-1,3,3,2,8,0,4,66,1,0,1,3,3,1,0,0,1,0,0,0,4,0.98,0.35,0
1A4Y,B,114,HIS,NS,-5,-4,-3,-5,-7,-3,-3,-6,11,-7,-6,-4,-5,-5,-6,-4,-5,-6,-2,-7,0,0,0,0,0,0,0,0,100,0,0,0,0,0,0,0,0,0,0,0,3.44,0.72,0
1AHW,C,167,THR,NS,0,2,0,-2,-4,1,1,-2,-1,-4,-4,3,-3,-5,4,1,-2,-5,-4,-4,8,9,3,0,0,7,9,1,1,0,0,25,0,0,23,12,1,0,0,0,0.6,0.25,0
1AHW,C,170,THR,NS,-2,-3,6,0,-4,-2,-3,-1,-3,-5,-5,-2,-4,-5,-4,5,-2,-6,-3,-4,0,0,42,5,0,0,0,4,0,0,0,1,0,0,0,47,0,0,0,1,1.18,0.45,0
1AHW,C,176,LEU,NS,2,-1,-3,-3,-4,7,0,-4,-1,-4,-4,-2,4,-5,-4,-2,-1,-5,-4,-2,20,2,0,0,0,58,2,0,1,0,0,0,10,0,0,1,4,0,0,2,1.14,0.46,0
1AHW,C,178,ASP,NS,-1,-2,-2,-3,-2,-2,-2,-3,1,2,0,-2,0,3,-3,-2,0,-1,5,2,2,1,2,1,0,1,3,1,3,12,5,1,1,12,1,2,8,0,25,18,0.35,0.16,0
1AHW,C,197,THR,NS,1,-2,-1,-2,-2,-2,-2,0,-3,-4,-4,-2,-3,-4,-2,6,0,-4,-3,-3,11,0,0,0,0,0,0,5,0,0,0,0,0,0,0,84,0,0,0,0,1.0,0.29,0
1AHW,C,198,VAL,NS,0,0,0,0,0,0,0,0,0,0,0,0,0,0,0,0,0,0,0,0,0,0,0,0,0,0,0,0,0,0,0,0,0,0,0,0,0,0,0,0,0.0,0.0,0
1BRS,D,29,TYR,HS,-3,-3,-2,-4,-4,-3,-3,-5,5,-3,-3,-3,-3,4,-5,-2,0,0,8,-3,0,0,1,0,0,0,0,0,15,0,0,0,0,14,0,2,6,0,61,0,1.41,0.3,1
1BRS,D,35,ASP,HS,-3,-3,3,7,-5,-2,0,-3,-2,-4,-5,-2,-4,-5,-3,-1,-2,-5,-4,-4,1,0,12,81,0,0,0,1,0,0,1,0,0,0,0,2,0,0,0,0,1.5,0.28,1
1BRS,D,39,ASP,HS,-3,-3,-1,8,-5,-2,0,-3,-3,-4,-5,-2,-4,-5,-3,-2,-3,-5,-4,-4,1,0,0,90,0,0,3,1,0,0,1,0,0,0,0,0,0,0,0,0,1.71,0.31,1
1BRS,D,42,THR,NS,-1,-1,-2,-3,-3,-1,-3,-3,-4,-3,-3,-2,0,-4,-3,1,7,-4,-4,-1,2,2,0,0,0,1,0,0,0,0,0,0,2,0,0,4,86,0,0,1,1.27,0.33,0
1BRS,D,76,GLU,NS,0,-1,-2,-1,-2,5,5,-4,-2,-4,-4,1,-3,-5,-3,-1,-2,-4,-4,-3,7,1,0,0,1,37,44,0,0,0,0,5,0,0,0,2,0,0,0,1,0.96,0.29,0
1BRS,B,27,LYS,HS,-2,1,-1,-2,-5,0,0,-3,-2,-4,-4,7,-3,-5,-2,-1,-2,-4,-3,-4,0,0,0,0,0,0,0,0,0,0,0,100,0,0,0,0,0,0,0,0,1.27,0.21,1
1BRS,B,59,ARG,HS,-2,7,-1,-2,-5,0,-1,-3,0,-4,-3,2,-3,-4,-3,-1,-2,-4,-2,-4,0,85,0,1,0,0,1,0,1,0,0,6,0,0,0,3,0,0,1,0,1.18,0.18,1
1BRS,B,60,GLU,NS,-2,-1,-1,1,-5,1,6,-1,-1,-5,-4,0,-3,-5,-2,-1,-2,-4,-3,-4,0,0,0,1,0,0,91,4,0,0,0,3,0,0,0,0,0,0,0,0,1.2,0.19,0
1BRS,B,73,GLU,HS,-2,-1,-2,0,-5,1,7,-4,-1,-5,-4,0,-3,-5,-2,-1,-2,-4,-3,-4,0,0,0,0,0,0,100,0,0,0,0,0,0,0,0,0,0,0,0,0,1.43,0.21,1
1BRS,B,87,ARG,HS,-3,7,-2,-3,-5,0,-1,-4,-2,-5,-4,1,-3,-4,-4,-2,-3,-4,-3,-4,0,100,0,0,0,0,0,0,0,0,0,0,0,0,0,0,0,0,0,0,1.57,0.22,1
1BRS,B,102,HIS,HS,-3,-2,-1,-3,-5,-1,-2,-4,10,-5,-5,-2,-3,-3,-4,-2,-3,-4,0,-5,0,0,0,0,0,0,0,0,100,0,0,0,0,0,0,0,0,0,0,0,2.24,0.27,1
1BXI,A,23,CYS,NS,0,-2,0,-2,2,-1,-1,1,-1,-2,-2,0,-2,1,-3,0,1,-1,4,0,10,0,5,1,6,1,4,11,1,1,1,7,0,6,0,6,9,0,22,8,0.19,0.12,0
1BXI,A,24,ASN,NS,1,0,0,1,-3,0,1,2,-2,-3,-3,1,-2,-4,2,1,1,-4,-3,-3,12,5,2,6,0,2,12,16,0,0,1,7,1,0,11,14,9,0,0,0,0.28,0.12,0
1BXI,A,27,THR,NS,0,0,1,2,-4,2,4,-2,-1,-4,-4,2,-3,-4,-1,0,-1,-4,-1,-4,8,2,6,13,0,7,34,1,1,0,1,16,0,0,2,6,2,0,2,0,0.49,0.2,0
1BXI,A,28,SER,NS,-1,-1,-2,2,-5,1,6,-4,0,-3,-3,-1,-4,-4,-3,-2,-2,-5,0,-2,5,2,0,12,0,4,61,0,1,1,3,2,0,0,0,1,1,0,3,3,0.9,0.32,0
1BXI,A,29,SER,NS,-1,0,-1,3,-4,2,0,-2,7,-2,0,-2,-1,-3,-4,-2,-2,-4,0,-1,5,4,0,22,0,10,4,3,30,2,12,0,1,0,0,0,0,0,2,5,0.55,0.24,0
1BXI,A,30,GLU,NS,-2,-2,2,5,-4,-2,-1,-1,0,2,-3,-2,-3,-4,-3,0,1,-5,-4,1,1,1,10,40,0,0,1,5,3,17,0,1,0,0,0,5,8,0,0,9,0.51,0.22,0
1BXI,A,33,LEU,HS,-2,-5,-5,-5,-3,-4,-5,-5,-5,3,3,-4,-1,-2,-5,-4,-2,-5,-3,6,1,0,0,0,0,0,0,0,0,13,25,0,0,0,0,0,1,0,0,60,1.02,0.33,1
1BXI,A,34,VAL,HS,-2,1,-1,2,-3,0,1,-3,0,0,2,-1,1,1,-3,-1,-1,-3,0,-1,1,11,2,15,0,2,9,0,2,3,30,2,3,8,0,3,3,0,3,1,0.18,0.13,1
1BXI,A,37,VAL,NS,-2,2,0,0,2,0,5,-3,-2,0,-3,1,-3,-4,-3,-1,-1,-5,-4,0,1,10,4,4,4,2,46,1,0,7,0,10,0,0,0,2,2,0,0,7,0.53,0.23,0
1BXI,A,38,THR,NS,-2,5,0,-1,-3,1,2,-3,-1,-3,-3,4,-2,-4,-3,0,-1,-5,-3,-3,1,39,3,2,0,6,11,1,1,1,1,24,1,0,0,4,4,0,0,1,0.68,0.25,0
1BXI,A,41,GLU,HS,-3,-3,-3,-1,-6,2,7,0,-3,-6,-6,-2,-5,-6,-1,-3,-3,-5,-5,-5,0,0,0,1,0,8,80,8,0,0,0,0,0,0,2,0,0,0,0,0,1.54,0.46,1
1BXI,A,48,SER,NS,-4,-5,-6,-6,-4,-5,-5,-6,-5,1,6,-5,0,-2,-5,-5,-3,1,-3,0,0,0,0,0,0,0,0,0,0,6,87,0,1,0,0,0,0,2,0,5,1.33,0.39,0
1BXI,A,49,GLY,NS,-4,-6,-6,-6,-4,-5,-6,-6,-6,7,1,-5,-1,-1,-5,-5,-3,-5,-4,0,0,0,0,0,0,0,0,0,0,85,11,0,0,2,0,0,0,0,0,2,1.64,0.44,0
1BXI,A,50,SER,HS,-5,-5,-5,-6,-5,-5,-5,-6,-2,-4,-3,-5,-4,6,-6,-5,-5,-1,9,-4,0,0,0,0,0,0,0,0,0,0,0,0,0,30,0,0,0,0,70,0,2.3,0.54,1
1BXI,A,51,ASP,HS,-5,-5,-5,-6,-6,-5,-5,-6,2,-5,-4,-5,-4,1,-6,-5,-5,2,10,-4,0,0,0,0,0,0,0,0,5,0,0,0,0,2,0,0,0,1,92,0,2.71,0.62,1
1BXI,A,55,TYR,HS,-2,-4,2,3,-2,-3,0,6,-1,-5,-5,-3,-5,-5,-1,-1,-3,-5,-5,-5,0,0,8,20,1,0,4,59,1,0,1,0,0,0,3,2,0,0,0,0,1.06,0.31,1
1BXI,A,56,PRO,NS,3,3,-1,-1,-3,2,1,-3,-2,-2,-3,1,-2,-4,-3,-1,-1,-4,-3,0,36,21,2,3,0,8,10,0,0,2,0,6,0,0,0,1,1,0,0,9,0.41,0.21,0
1CBW,D,11,THR,NS,-1,1,-3,-3,-2,-1,-1,-3,-4,-1,-3,0,-1,-4,1,0,5,-5,-4,2,3,8,0,1,1,2,2,1,0,2,0,7,2,0,7,4,44,0,0,17,0.55,0.27,0
1CBW,D,15,LYS,HS,-4,6,0,-4,-6,-1,-2,-4,-1,-4,-4,5,-3,-6,-4,-2,-2,-6,-4,-5,0,44,4,0,0,0,1,0,1,1,1,45,1,0,0,1,1,0,0,0,1.33,0.41,1
1CBW,D,17,ARG,NS,0,2,0,-2,-3,0,-2,-3,1,-1,0,1,1,-1,-3,1,0,-3,2,0,9,16,4,1,0,4,0,0,3,2,10,10,4,2,0,16,3,0,9,6,0.16,0.12,0
1CBW,D,19,ILE,NS,-2,0,-3,-3,-4,0,-2,-4,2,3,-1,-1,0,-3,5,-1,1,-4,-1,1,2,5,0,0,0,5,1,0,7,22,2,2,3,0,29,3,10,0,1,7,0.55,0.23,0
1CBW,D,34,VAL,NS,-1,-3,-3,-4,-3,-3,-4,-3,-4,5,0,-2,0,-2,-4,-2,2,-4,-2,4,3,1,1,0,0,0,0,2,0,34,3,3,2,1,0,1,18,0,1,30,0.6,0.25,0
1CBW,D,39,ARG,NS,-3,4,1,1,-5,2,2,1,1,-4,-1,1,-3,-3,-3,-1,-3,-4,-2,-4,0,30,7,7,0,7,13,13,4,0,7,8,0,1,0,2,0,0,1,0,0.45,0.2,0
1DAN,T,15,LYS,NS,-6,-6,-8,-8,-6,-6,-7,-6,-6,-6,-5,-7,-5,-3,-7,-6,-6,13,-1,-7,0,0,0,0,0,0,0,0,0,0,0,0,0,0,0,0,0,100,0,0,4.68,0.86,0
1DAN,T,17,THR,NS,0,-4,-4,-1,0,-3,-3,-2,-4,-4,-4,-3,0,-5,7,0,0,-6,-5,0,6,0,0,3,2,0,0,2,0,0,0,0,3,0,64,8,5,0,0,7,1.48,0.39,0
1DAN,T,18,ASN,NS,-2,2,0,-2,-4,0,2,0,-2,-3,-3,5,-3,-4,0,0,1,-4,-3,-3,1,8,3,0,0,2,12,7,0,2,1,44,0,0,4,7,9,0,0,0,0.53,0.23,0
1DAN,T,20,LYS,HS,0,-2,0,-1,-3,-2,-2,-2,-1,1,-2,-2,-1,-3,2,4,2,-4,-2,0,5,1,4,2,0,0,0,2,2,9,2,0,1,1,11,43,12,0,1,7,0.41,0.22,1
1DAN,T,21,THR,NS,-2,-2,5,4,-4,0,1,2,0,-5,-5,-1,-4,-5,-3,0,-2,-5,-4,-4,2,0,39,23,0,2,9,15,2,0,0,2,0,0,0,5,0,0,0,1,0.79,0.28,0
1DAN,T,22,ILE,NS,-2,-3,-1,-4,-2,-1,-3,-5,5,-3,-2,-3,0,0,-4,-1,2,-1,7,-1,2,1,2,0,1,2,0,0,16,0,1,0,3,2,0,3,12,0,51,4,1.11,0.37,0
1DAN,T,24,GLU,NS,-5,-5,-5,-6,1,-5,-5,-6,-1,-4,-4,-5,-4,2,-6,-5,-5,-1,9,-4,0,0,0,0,3,0,0,0,0,0,0,0,0,5,0,0,0,0,92,0,2.64,0.63,0
1DAN,T,41,LYS,NS,-3,5,1,-1,-5,2,1,-3,2,-4,0,0,-1,-3,-4,1,-3,-1,1,-4,0,33,7,2,0,11,7,2,6,0,12,3,1,1,0,10,0,1,5,0,0.48,0.26,0
1DAN,T,42,SER,NS,-3,-3,-3,-4,-4,-4,-4,-1,-5,4,-1,-2,1,-2,-4,2,5,-5,-4,0,0,1,0,0,0,0,0,4,0,32,4,1,3,1,0,15,35,0,0,4,0.74,0.36,0
1DAN,T,44,ASP,NS,1,2,0,2,-5,1,4,-2,2,-4,-3,0,-2,-2,-3,-1,-2,-5,-3,-2,11,10,4,12,0,6,35,2,5,0,1,5,1,1,0,4,1,0,0,2,0.49,0.25,0
1DAN,T,46,LYS,NS,-3,-2,-2,-1,-6,-1,6,-5,-1,-2,-4,-1,1,-3,-4,0,-2,2,-2,-1,0,2,1,1,0,1,65,0,1,2,1,3,4,1,0,8,2,3,1,6,1.09,0.45,0
1DAN,T,47,SER,NS,-5,-8,-7,-8,12,-7,-8,-7,-8,-6,-6,-8,-6,-7,-7,-5,-5,-7,-7,-5,0,0,0,0,100,0,0,0,0,0,0,0,0,0,0,0,0,0,0,0,4.27,0.98,0
1DAN,T,50,PHE,NS,-3,-5,-3,-4,-4,-4,-4,-5,-5,-5,-5,-4,-4,-6,-5,4,7,-6,-5,-4,0,0,0,0,0,0,0,0,0,0,0,0,0,0,0,27,73,0,0,0,1.83,0.65,0
1DAN,T,58,ASP,HS,-3,2,4,3,-5,0,0,-3,2,-5,-4,4,-3,-2,-4,-1,0,-5,-1,-4,0,9,21,18,0,2,6,0,5,0,1,28,1,2,0,1,7,0,2,0,0.63,0.3,1
1DAN,T,68,LYS,NS,-3,-3,-3,-2,-5,0,6,-4,0,-2,-3,-1,-1,-3,-4,-3,-2,-4,2,2,0,0,0,0,0,2,60,1,2,1,1,2,1,0,0,0,1,0,9,21,0.98,0.39,0
1DVF,A,30,HIS,NS,-1,1,2,-1,-2,-1,-1,-1,3,-2,-3,-1,-2,0,-2,2,0,-1,4,-2,1,8,13,0,0,0,0,3,9,2,0,1,0,0,0,34,2,0,27,0,0.34,0.08,0
1DVF,A,32,TYR,HS,-2,-2,1,-1,-3,-2,-2,-3,0,-3,-2,-2,-2,2,-4,-1,-2,6,7,-2,1,0,9,3,0,0,0,0,0,0,0,0,0,2,0,3,2,12,67,0,1.02,0.13,1
1DVF,A,49,TYR,NS,-3,-3,-3,-4,-4,-2,-3,-4,2,-2,-2,-3,-2,3,-4,-2,-3,1,8,-2,0,0,0,0,0,0,0,0,3,0,0,0,0,4,0,2,0,0,91,0,1.47,0.17,0
1DVF,A,50,TYR,NS,3,-1,2,1,-2,-1,-1,0,-1,-2,-2,0,-1,-2,-2,1,0,-3,0,-1,44,1,19,8,0,1,0,6,0,0,0,7,1,0,0,4,3,0,4,1,0.25,0.06,0
1DVF,A,92,TRP,NS,-2,-2,3,-1,-3,-2,-2,-2,2,-3,-2,-2,-2,1,-3,-1,-2,7,6,-3,0,0,20,3,0,0,0,1,6,0,1,2,0,2,0,5,1,16,43,0,0.72,0.1,0
1DVF,A,93,SER,NS,0,-1,2,0,-2,-1,-1,3,0,-2,-3,-1,-2,-3,-2,3,1,-3,-3,-2,2,3,12,2,0,1,1,30,1,2,0,0,0,0,0,40,5,0,0,1,0.4,0.07,0
1DVF,B,30,THR,NS,0,-2,0,-2,-2,-1,-2,-2,-2,0,-2,-1,-1,-3,-2,1,6,-3,-2,0,0,0,2,0,0,0,0,0,0,5,0,0,0,0,0,7,85,0,0,0,0.64,0.09,0
1DVF,B,32,TYR,NS,-3,-2,-1,-4,-3,-2,-3,-4,2,-2,-2,-3,-2,3,-4,-2,-2,1,8,-2,0,0,2,0,0,0,0,0,2,0,0,0,0,3,0,0,0,0,92,0,1.26,0.12,0
1DVF,B,52,TRP,HS,-4,-3,-5,-5,-3,-3,-4,-4,-3,-4,-3,-4,-2,0,-5,-4,-4,12,1,-4,0,1,0,0,0,0,0,0,0,0,0,0,0,0,0,0,0,99,0,0,3.07,0.18,1
1DVF,B,54,ASP,HS,0,-2,0,3,-3,-2,-1,5,-2,-4,-4,-2,-3,-4,-2,-1,-2,-4,-4,-4,2,0,1,28,0,0,0,69,0,0,0,0,0,0,0,0,0,0,0,0,0.86,0.07,1
1DVF,B,56,ASN,NS,0,0,3,0,-2,-1,-1,0,-1,-2,-3,-1,-2,-3,-2,4,1,-3,-2,-2,0,3,19,3,0,0,0,6,0,2,0,0,0,0,0,57,9,0,0,1,0.39,0.06,0
1DVF,B,58,ASP,NS,-2,-1,5,4,-3,-1,0,-1,0,-3,-4,0,-3,-3,-2,0,0,-4,-1,-3,0,0,51,31,0,0,2,0,0,1,0,2,0,0,0,2,7,0,3,0,0.62,0.07,0
1DVF,B,98,GLU,HS,0,-1,1,3,-3,0,1,2,2,-2,-3,-1,-2,-2,-2,0,0,-3,-1,-2,10,1,7,26,0,2,8,16,10,1,1,1,1,1,1,5,4,0,2,1,0.24,0.02,1
1DVF,B,99,ARG,NS,-1,2,-1,0,-3,-1,-1,1,0,-2,-1,0,-1,1,1,0,0,3,3,-2,1,15,2,8,0,0,1,13,1,1,3,2,0,7,8,4,7,4,22,1,0.18,0.04,0
1DX5,M,24,ILE,NS,-3,-4,-5,-5,-2,-4,-4,-5,-4,3,5,-4,1,-1,-4,-4,-2,-3,-2,1,0,0,0,0,0,0,0,0,0,15,75,0,0,0,0,0,0,0,0,6,0.8,0.22,0
1DX5,M,34,PHE,HS,-1,0,-2,-2,-3,-2,-2,-2,-2,-2,-3,-1,-2,-3,7,-1,-2,-3,-3,-1,3,7,1,1,0,1,2,2,1,1,2,4,1,1,66,2,1,0,1,4,1.34,0.18,1
1DX5,M,37,PRO,NS,-1,1,0,-1,-3,1,0,-1,-1,-3,-2,5,-2,-3,0,-1,-1,-3,-2,-2,2,2,3,1,0,4,3,4,0,1,5,65,0,1,3,1,1,0,1,1,0.57,0.16,0
1DX5,M,38,GLN,NS,-2,-1,6,0,-3,-1,0,0,-1,-2,-3,0,-2,-3,0,-1,-1,-3,-3,-3,1,1,65,2,0,1,4,7,0,4,2,4,0,1,4,1,1,0,1,1,0.78,0.19,0
1DX5,M,39,GLU,NS,-2,-3,-2,-3,0,-2,-3,-2,-2,0,0,-3,-1,6,-3,-1,-1,0,3,-1,1,1,2,1,2,2,1,3,0,7,8,1,0,53,1,4,4,0,7,1,0.55,0.14,0
1DX5,M,65,LEU,NS,1,-2,-2,-3,-2,0,0,0,0,0,1,-1,5,-1,-3,-1,1,-3,-2,0,18,0,1,0,0,3,6,6,2,3,10,1,32,2,0,1,9,0,0,4,0.24,0.15,0
1DX5,M,67,ARG,HS,-1,-2,-1,5,-4,1,5,-3,-2,-4,-3,-1,-3,-4,-3,-1,-1,-5,-4,-4,3,0,0,39,0,4,45,0,0,0,3,1,0,0,0,1,3,0,0,0,0.88,0.24,1
1DX5,M,74,THR,NS,-2,5,0,-2,-4,1,-1,-1,-2,-4,-3,5,-3,-4,-3,-2,-1,-4,-3,-3,0,42,3,0,0,2,0,4,0,0,1,40,0,0,0,0,2,0,0,0,0.78,0.23,0
1DX5,M,75,ARG,NS,-3,-3,-4,-4,-4,-3,-3,-4,0,-3,-3,-3,-3,3,-4,-3,-3,0,9,-3,1,0,0,0,0,0,0,1,0,0,1,0,0,7,0,1,0,0,84,0,1.76,0.37,0
1DX5,M,76,TYR,HS,-2,-2,7,2,-3,-1,-1,-2,-1,-3,-3,-1,-3,-3,-2,-1,0,-4,-3,-3,1,1,71,10,0,1,1,1,0,1,2,1,0,1,1,1,3,0,1,1,1.02,0.24,1
1DX5,M,80,GLU,HS,-2,-1,6,0,-3,0,-1,-2,-1,-2,-2,-1,-2,-3,-3,1,1,-4,-3,-3,1,2,61,0,0,2,1,1,0,3,3,0,1,0,0,9,11,0,0,1,0.77,0.23,1
1DX5,M,81,LYS,NS,-2,-3,-3,-4,-3,-3,-3,-4,0,0,4,-3,2,0,-3,-3,-2,-1,5,-1,1,0,0,0,0,0,1,1,3,0,60,0,6,0,0,1,1,0,24,1,0.66,0.2,0
1DX5,M,82,ILE,HS,-3,-2,5,6,-4,-1,0,-2,-2,-4,-4,-2,-4,-4,-3,-1,-2,-4,-4,-4,1,0,31,58,0,0,2,1,0,0,1,0,0,0,0,1,1,0,0,1,1.09,0.25,1
1DX5,M,84,MET,NS,-3,-3,0,7,-4,-2,0,-3,-3,-2,-4,-2,-4,-4,-3,-2,-2,-5,-4,-4,1,0,0,90,0,0,1,1,0,2,1,0,0,0,0,1,1,0,0,1,1.58,0.32,0
1DX5,M,110,LYS,NS,-2,-3,-3,-3,-2,-3,-3,-3,-3,2,0,-3,0,4,-3,-1,3,-2,0,3,1,0,0,0,0,0,0,1,0,11,5,0,1,24,0,1,28,0,0,25,0.41,0.16,0
1DX5,M,235,LYS,NS,-2,-4,-4,-4,-2,-3,-4,-5,-4,5,1,-3,5,-1,-4,-3,-2,-3,-2,2,0,0,0,0,0,0,0,0,0,59,6,0,27,0,0,0,0,0,0,9,0.82,0.2,0
1GC1,C,23,SER,NS,-1,-1,4,1,-3,-2,-1,0,0,-2,-4,1,-3,-3,-1,3,1,-4,0,-3,2,3,24,6,0,0,1,8,2,3,1,7,0,1,2,27,9,0,3,0,0.43,0.29,0
1GC1,C,25,GLN,NS,0,0,-1,1,-3,2,0,0,0,-1,0,0,-1,-1,2,1,-1,-3,0,0,5,4,1,9,0,12,7,8,2,2,10,3,0,3,9,10,3,0,4,10,0.1,0.11,0
1GC1,C,27,HIS,NS,0,-1,2,-3,-4,-1,1,-3,3,0,-4,-1,-3,-4,-4,2,4,5,0,-3,6,4,9,0,0,1,10,0,7,5,0,3,0,0,0,17,27,8,2,0,0.49,0.35,0
1GC1,C,29,LYS,NS,-4,2,-1,-4,-6,0,-2,-5,2,-1,-3,7,0,-1,-4,-2,-4,-5,-1,-3,0,8,2,0,0,2,0,0,5,3,1,66,3,3,0,1,0,0,3,2,1.18,0.56,0
1GC1,C,32,ASN,NS,-2,0,4,4,-5,-1,1,-1,-1,-4,-5,2,-4,-5,-1,1,-2,-5,-3,-2,2,3,26,23,0,2,7,4,1,0,0,15,0,0,3,10,0,0,1,3,0.61,0.34,0
1GC1,C,33,GLN,NS,-1,-1,-1,1,-4,4,1,1,1,-2,-2,-1,-1,-4,-3,1,1,-4,-1,0,4,3,2,7,0,28,8,11,3,1,4,1,1,0,1,10,8,0,2,8,0.3,0.25,0
1GC1,C,35,LYS,NS,-1,0,0,-2,-3,-1,-2,-2,-1,2,1,2,0,0,-2,-1,1,-3,0,1,2,5,5,0,0,1,1,2,1,16,14,18,3,5,2,3,11,0,3,8,0.13,0.15,0
1GC1,C,40,GLN,NS,-2,1,0,-1,-4,4,0,-2,3,-3,-1,3,-2,-1,-1,1,0,-4,-2,-3,0,8,4,2,0,20,5,3,10,1,7,18,0,3,3,9,7,0,0,0,0.35,0.26,0
1GC1,C,42,SER,NS,-1,-1,2,-1,-3,-1,-2,3,2,-3,-3,0,-2,0,-1,2,1,-4,-1,-1,1,2,10,2,0,2,1,23,5,1,1,6,1,5,3,22,9,0,2,5,0.29,0.22,0
1GC1,C,44,LEU,NS,-1,0,-2,-3,0,-1,-1,-2,-2,1,2,-1,1,0,2,-1,-1,5,-1,1,2,6,2,1,2,2,4,3,1,6,25,2,3,3,12,3,1,8,2,10,0.2,0.14,0
1GC1,C,45,THR,NS,-1,1,0,-2,-2,0,-2,-1,3,1,1,-1,0,0,-2,0,2,2,-1,0,2,9,6,1,0,3,1,4,9,9,14,2,2,4,1,5,18,4,0,6,0.12,0.13,0
1GC1,C,52,ASN,NS,0,0,0,0,-1,0,-1,1,0,-2,-2,2,-2,0,-2,1,2,-3,-1,0,8,4,4,5,2,3,2,9,3,1,1,18,0,4,1,13,14,0,1,6,0.13,0.11,0
1GC1,C,59,ARG,NS,-1,2,-1,-1,-3,1,0,-2,-1,-1,0,3,1,-1,1,0,0,-3,-2,-1,2,15,1,2,0,5,6,2,1,3,8,23,4,2,7,7,6,0,1,4,0.19,0.12,0
1GC1,C,60,SER,NS,-1,-1,3,0,-2,1,0,-1,1,-2,-2,0,-1,-1,-1,3,1,-3,-2,-2,3,2,18,3,0,5,7,4,3,2,3,3,1,4,3,31,6,0,1,1,0.27,0.16,0
1GC1,C,63,ASP,NS,-1,-1,1,4,-2,-1,1,-1,0,-1,-2,1,-2,-2,-1,0,-1,-2,-2,-2,4,2,7,35,1,2,8,3,3,4,3,9,1,1,3,7,3,1,1,2,0.35,0.13,0
1GC1,C,64,GLN,NS,-1,1,-1,1,-2,3,0,0,0,-2,-1,2,-1,-2,1,0,-1,-2,-1,-2,3,7,2,8,1,20,4,7,3,2,6,12,1,1,8,6,3,1,1,2,0.18,0.09,0
1GC1,C,85,GLU,NS,-1,1,-2,0,-3,0,4,-2,-1,-3,-3,2,2,-3,-2,0,1,-3,-3,0,3,6,1,4,0,2,36,2,1,1,1,13,6,0,1,5,9,0,0,7,0.4,0.23,0
1NMB,H,56,ASP,HS,0,-3,-1,-1,-3,-2,-2,6,-2,-4,-4,-2,-3,-4,-2,0,-2,-3,-3,-4,0,0,0,2,0,0,0,96,0,0,0,0,0,0,0,2,0,0,0,0,1.14,0.05,1
1NMB,H,99,TYR,HS,0,1,0,-1,-2,0,0,2,0,-2,-1,0,-1,-1,-1,1,0,1,2,-1,3,13,1,1,1,1,9,22,1,1,4,4,2,1,1,17,2,2,12,2,0.13,0.01,1
1NMB,N,93,THR,NS,-1,-3,-3,-3,-1,-3,-3,-4,-3,4,2,-3,1,0,-3,-2,-1,-3,-1,3,0,0,0,0,0,0,0,0,0,100,0,0,0,0,0,0,0,0,0,0,0.38,0.0,0
1VFB,A,30,HIS,NS,-1,1,2,-1,-2,-1,-1,-1,3,-2,-3,-1,-2,0,-2,2,0,-1,4,-2,1,8,13,0,0,0,0,3,9,2,0,1,0,0,0,34,2,0,27,0,0.34,0.08,0
1VFB,A,32,TYR,NS,-2,-2,1,-1,-3,-2,-2,-3,0,-3,-2,-2,-2,2,-4,-1,-2,6,7,-2,1,0,9,3,0,0,0,0,0,0,0,0,0,2,0,3,2,12,67,0,1.02,0.13,0
1VFB,A,49,TYR,NS,-3,-3,-3,-4,-4,-2,-3,-4,2,-2,-2,-3,-2,3,-4,-2,-3,1,8,-2,0,0,0,0,0,0,0,0,3,0,0,0,0,4,0,2,0,0,91,0,1.47,0.17,0
1VFB,A,50,TYR,NS,3,-1,2,1,-2,-1,-1,0,-1,-2,-2,0,-1,-2,-2,1,0,-3,0,-1,44,1,19,8,0,1,0,6,0,0,0,7,1,0,0,4,3,0,4,1,0.25,0.06,0
1VFB,A,53,THR,NS,0,-1,2,0,-2,-1,-1,-1,-2,-2,-2,-1,-2,-3,-2,3,4,-3,-2,-1,1,2,14,3,0,0,0,1,0,1,0,1,0,0,0,25,54,0,0,0,0.49,0.09,0
1VFB,A,92,TRP,NS,-2,-2,3,-1,-3,-2,-2,-2,2,-3,-2,-2,-2,1,-3,-1,-2,7,6,-3,0,0,20,3,0,0,0,1,6,0,1,2,0,2,0,5,1,16,43,0,0.72,0.1,0
1VFB,B,30,THR,NS,0,-2,0,-2,-2,-1,-2,-2,-2,0,-2,-1,-1,-3,-2,1,6,-3,-2,0,0,0,2,0,0,0,0,0,0,5,0,0,0,0,0,7,85,0,0,0,0.64,0.09,0
1VFB,B,32,TYR,NS,-3,-2,-1,-4,-3,-2,-3,-4,2,-2,-2,-3,-2,3,-4,-2,-2,1,8,-2,0,0,2,0,0,0,0,0,2,0,0,0,0,3,0,0,0,0,92,0,1.26,0.12,0
1VFB,B,52,TRP,NS,-4,-3,-5,-5,-3,-3,-4,-4,-3,-4,-3,-4,-2,0,-5,-4,-4,12,1,-4,0,1,0,0,0,0,0,0,0,0,0,0,0,0,0,0,0,99,0,0,3.07,0.18,0
1VFB,B,99,ARG,NS,-1,2,-1,0,-3,-1,-1,1,0,-2,-1,0,-1,1,1,0,0,3,3,-2,1,15,2,8,0,0,1,13,1,1,3,2,0,7,8,4,7,4,22,1,0.18,0.04,0
1VFB,B,100,ASP,HS,-1,0,0,1,-3,-1,-1,3,0,-2,-2,-1,-1,0,-1,0,-1,-1,3,-2,2,5,3,12,0,2,1,33,2,1,4,1,1,2,3,6,2,0,19,1,0.23,0.04,1
1VFB,B,101,TYR,HS,-1,-1,0,0,-2,-1,-2,1,0,-1,-1,-1,-1,2,-2,-1,-1,3,6,-1,2,2,4,5,0,0,1,15,1,2,2,3,0,4,1,4,4,3,45,2,0.37,0.06,1
1VFB,C,18,ASP,NS,0,-2,0,7,-4,-1,1,-1,-1,-4,-4,-1,-4,-4,-2,0,-2,-5,-4,-4,11,0,0,84,0,0,0,2,1,0,0,0,0,0,0,2,0,0,0,0,1.03,0.12,0
1VFB,C,19,ASN,NS,-1,-3,3,-1,-3,-2,-2,6,-2,-4,-4,-2,-3,-4,-3,0,-2,-4,-4,-4,0,0,18,1,0,0,0,79,0,0,0,1,0,0,0,2,0,0,0,0,1.04,0.1,0
1VFB,C,23,TYR,NS,-2,-3,0,-3,-2,-2,-3,-4,0,3,0,-3,0,1,-3,-2,-1,-1,4,3,0,0,6,0,0,0,0,0,1,29,0,0,0,0,0,0,0,0,30,34,0.4,0.08,0
1VFB,C,24,SER,NS,0,-1,0,-1,-2,-1,-1,-1,-2,-3,-3,0,-2,-3,-2,5,1,-4,-3,-3,0,2,0,0,0,0,0,0,0,0,0,3,0,0,0,93,2,0,0,0,0.76,0.13,0
1VFB,C,116,LYS,NS,-1,1,-1,-1,-4,6,2,-1,-1,-4,-3,3,-2,-4,-2,-1,-1,-3,-2,-3,0,2,0,0,0,58,10,2,0,0,0,28,0,0,0,0,0,0,0,0,0.72,0.11,0
1VFB,C,118,THR,NS,-2,5,-1,-2,-3,3,0,-3,1,-3,-3,3,-2,-3,-2,-1,1,-3,-2,-3,0,44,0,0,0,22,0,0,4,0,0,16,0,0,0,0,12,0,0,0,0.54,0.08,0
1VFB,C,119,ASP,NS,-3,-2,2,7,-5,-1,1,-2,-2,-4,-5,-2,-4,-5,-2,-1,-2,-5,-4,-4,0,0,5,95,0,0,0,0,0,0,0,0,0,0,0,0,0,0,0,0,1.35,0.14,0
1VFB,C,120,VAL,NS,-1,-3,-4,-4,-2,-3,-3,-4,-4,2,4,-3,1,-1,-3,-3,-1,-3,-2,4,0,0,0,0,0,0,0,0,0,1,53,0,0,0,0,0,0,0,0,46,0.51,0.08,0
1VFB,C,121,GLN,HS,0,1,0,-1,-2,0,-1,-1,-1,-3,-3,0,-2,-3,-2,4,3,-3,-2,-2,1,8,1,0,0,2,1,0,1,0,0,2,0,0,0,56,28,0,0,0,0.46,0.09,1
1VFB,C,124,ILE,NS,-1,-3,-3,-4,-2,-3,-3,-4,-4,4,1,-3,0,-1,-3,-2,1,-3,-2,4,0,0,0,0,0,0,0,0,0,50,2,0,0,0,0,0,12,0,0,36,0.47,0.08,0
1VFB,C,125,ARG,NS,0,5,0,-1,-4,3,1,-2,-1,-3,-3,3,-2,-4,-2,0,-1,-3,-2,-3,7,47,1,1,0,19,3,0,0,0,0,19,0,0,0,2,0,0,0,0,0.58,0.08,0
1VFB,C,129,LEU,NS,-1,-3,-4,-4,-2,-3,-3,-4,-4,2,3,-3,1,-1,-3,-3,-1,-3,-2,4,0,0,0,0,0,0,0,0,0,1,42,0,0,0,0,0,0,0,0,57,0.51,0.08,0
3HFM,H,31,SER,NS,-1,0,3,4,-2,-1,0,0,-1,-2,-3,-1,-3,-4,-2,3,1,-4,-3,-3,2,4,16,28,0,0,2,4,0,3,0,0,0,0,0,34,8,0,0,0,0.44,0.11,0
3HFM,H,32,ASP,HS,-1,-3,-1,-1,-2,-2,-3,-2,1,-3,-2,-3,-2,3,-4,-1,-1,1,8,-2,4,0,3,5,1,0,0,2,1,0,0,0,0,7,0,3,3,0,71,0,1.12,0.2,1
3HFM,H,33,TYR,HS,0,-2,0,-1,-2,-2,-2,1,-1,-2,-2,-2,-2,1,-3,-1,-1,7,5,-2,12,0,4,4,1,0,1,14,0,1,1,0,0,3,0,4,4,21,27,2,0.59,0.12,1
3HFM,H,50,TYR,HS,-1,2,0,-1,-2,0,1,-1,0,-2,-1,-1,0,1,-3,0,0,5,4,-1,5,14,3,3,0,2,12,3,1,0,2,0,3,3,0,6,7,9,21,6,0.22,0.07,1
3HFM,H,53,TYR,HS,-1,-1,2,-1,-3,-2,-2,2,0,-3,-3,-1,-3,-1,4,1,0,-1,4,-3,1,2,14,2,0,0,0,18,1,0,0,1,0,1,21,13,4,1,21,1,0.42,0.1,1
3HFM,H,58,TYR,NS,-1,0,3,0,-3,-1,0,-2,2,-2,-2,1,-2,0,-3,0,1,0,4,-2,3,5,19,6,0,0,6,1,4,1,0,10,0,2,0,5,9,0,27,0,0.28,0.09,0
3HFM,L,31,ASN,HS,-1,-1,4,1,-2,-1,-1,-1,0,-1,-2,0,-2,-3,-2,2,3,-3,-1,-1,1,1,35,5,0,0,0,1,2,3,0,2,0,0,0,16,32,0,2,1,0.35,0.04,1
3HFM,L,32,ASN,HS,-1,-1,1,-1,-3,-2,-2,-2,1,-2,-2,-2,-2,3,-3,0,-1,3,6,-2,7,2,11,4,0,0,0,0,1,0,1,0,0,10,0,8,1,4,51,0,0.5,0.05,1
3HFM,L,50,TYR,HS,0,0,0,-2,-2,-1,-2,1,1,-1,0,0,-1,1,-2,0,-1,4,4,-1,8,5,4,0,0,2,0,16,2,1,12,5,0,1,0,7,2,6,27,1,0.19,0.02,1
3HFM,L,53,GLN,NS,-1,1,5,0,-3,1,1,-1,0,-3,-3,0,-2,-3,-2,1,2,-3,-1,-2,0,10,44,0,0,5,7,0,0,0,0,4,0,0,0,7,22,0,2,0,0.4,0.04,0
3HFM,L,96,TYR,HS,-2,1,-3,-3,-3,-2,-2,-3,-1,-1,1,-1,0,3,1,-2,-2,6,4,-1,1,13,0,0,0,0,0,0,0,0,24,0,0,11,7,0,1,17,24,1,0.44,0.04,1
3HFM,Y,20,TYR,HS,-3,-3,-3,-4,-3,-3,-3,-4,1,-1,-1,-3,-1,4,-4,-3,-3,1,8,-1,0,0,0,0,0,0,0,0,1,4,0,0,0,18,0,0,0,0,76,1,1.18,0.13,1
3HFM,Y,21,ARG,NS,-1,5,-1,-1,-4,1,0,-2,2,-3,-3,2,-2,-3,0,-1,-2,-1,-1,-3,1,59,0,1,0,1,1,2,8,0,1,14,0,0,5,3,0,1,2,0,0.58,0.08,0
3HFM,Y,63,TRP,NS,-4,-4,-5,-6,-4,-3,-4,-4,-4,-4,-3,-4,-3,0,-5,-4,-4,12,1,-4,0,0,0,0,0,0,0,0,0,0,0,0,0,0,0,0,0,100,0,0,3.32,0.23,0
3HFM,Y,73,ARG,NS,-1,0,-2,-2,-2,-1,-1,-3,0,1,-1,3,0,-2,-2,-1,-1,-3,-2,4,1,4,0,0,0,0,1,0,3,0,0,33,0,0,0,1,0,0,0,56,0.28,0.08,0
3HFM,Y,75,LEU,NS,4,-2,-2,-2,-1,-2,-2,2,-2,-1,-1,-2,-1,-3,-2,0,-1,-3,-2,0,70,0,1,0,0,0,0,13,0,0,7,0,0,0,0,1,0,0,0,8,0.41,0.08,0
3HFM,Y,89,THR,NS,0,-2,-1,-1,-2,-1,-1,-2,-2,-2,-2,-1,-2,-3,-2,2,5,-3,-2,-1,5,0,0,2,0,0,0,0,0,0,0,2,0,0,0,16,74,0,0,0,0.63,0.11,0
3HFM,Y,93,ASN,NS,2,0,3,0,-2,1,0,-1,-1,-2,-2,1,-2,-3,-2,0,2,-3,-2,-1,27,3,24,1,0,10,5,0,0,3,0,10,0,0,0,1,17,0,0,0,0.25,0.05,0
3HFM,Y,96,LYS,HS,-2,1,-1,-2,-4,1,0,-2,-2,-4,-3,6,-2,-4,-2,-1,-2,-4,-3,-3,0,0,0,0,0,0,1,0,0,0,0,99,0,0,0,0,0,0,0,0,0.98,0.14,1
3HFM,Y,97,LYS,HS,-2,7,-1,-2,-4,0,-1,-3,-1,-4,-3,3,-2,-4,-3,-1,-1,-4,-3,-3,0,87,0,0,0,0,0,0,0,0,0,11,0,0,0,0,1,0,0,0,1.08,0.13,1
3HFM,Y,100,SER,NS,-1,5,-1,-2,-3,1,0,-1,0,-3,-2,2,-2,-3,-2,2,0,-3,-2,-3,0,55,0,0,0,4,1,2,2,0,1,6,0,0,0,28,1,0,0,0,0.55,0.08,0
3HFM,Y,101,ASP,NS,-2,-3,1,7,-4,-1,1,-2,-2,-4,-5,-2,-4,-5,-2,-1,-2,-5,-4,-4,2,0,0,96,0,0,0,1,0,0,0,0,0,0,0,0,0,0,0,0,1.33,0.14,0
1FC2,C,147,ASN,NS,0,0,0,0,0,0,0,0,0,0,0,0,0,0,0,0,0,0,0,0,0,0,0,0,0,0,0,0,0,0,0,0,0,0,0,0,0,0,0,0,0.0,0.0,0
1FC2,C,150,ILE,HS,0,0,0,0,0,0,0,0,0,0,0,0,0,0,0,0,0,0,0,0,0,0,0,0,0,0,0,0,0,0,0,0,0,0,0,0,0,0,0,0,0.0,0.0,1
1FC2,C,154,LYS,NS,0,0,0,0,0,0,0,0,0,0,0,0,0,0,0,0,0,0,0,0,0,0,0,0,0,0,0,0,0,0,0,0,0,0,0,0,0,0,0,0,0.0,0.0,0
1DFJ,I,202,GLU,NS,-2,0,1,0,0,0,4,-2,-2,-3,-4,2,0,-4,-3,2,-1,4,-1,-3,1,3,6,4,2,0,37,1,0,1,0,17,3,0,0,15,1,6,2,1,0.5,0.23,0
1DFJ,I,257,TRP,NS,-3,4,-3,-3,0,-2,-3,-1,-4,-3,-1,-1,-3,-2,-5,-2,-3,10,0,1,0,27,1,2,2,1,1,6,0,0,4,2,0,0,0,4,0,37,2,13,1.2,0.36,0
1DFJ,I,259,TRP,HS,-2,0,0,-3,-4,-2,-1,2,-4,-4,-4,-1,-4,-3,-4,2,-3,10,-2,-4,1,6,5,1,0,1,4,16,0,1,0,4,0,0,0,17,0,43,0,1,1.36,0.38,1
1DFJ,I,283,GLU,NS,-1,2,-2,1,-6,0,6,-4,-2,-5,-5,0,-4,-5,-4,-2,-3,-5,-4,-2,4,13,0,4,0,0,73,0,0,0,0,3,0,0,0,0,0,0,0,3,1.24,0.4,0
1DFJ,I,285,SER,NS,-1,-3,2,4,-4,-1,1,-2,-3,-3,0,-2,-3,-4,-3,4,-1,-5,-4,-3,2,0,8,29,0,2,6,1,0,0,13,1,0,0,0,38,0,0,0,0,0.57,0.26,0
1DFJ,I,314,TRP,NS,0,2,-1,-3,-4,-1,-3,0,-4,-4,-4,-1,-4,-2,-5,0,-3,10,-1,-2,10,11,4,1,0,3,0,6,0,1,0,4,0,0,0,6,0,49,1,3,1.51,0.4,0
1DFJ,I,316,LYS,NS,-3,3,-1,2,0,-1,0,-1,-3,-4,-4,3,0,-3,-4,-1,-2,8,-2,-3,1,17,1,13,3,1,4,4,0,0,0,26,3,0,0,4,1,22,0,1,0.74,0.26,0
1DFJ,I,340,GLU,NS,-3,-2,-2,2,-5,0,6,-4,0,-3,-4,-1,-4,-5,-4,-2,-3,-5,-4,0,0,1,0,12,0,1,70,0,2,1,0,2,0,0,0,0,0,0,0,10,1.17,0.39,0
1DFJ,I,397,GLU,NS,-3,-2,-3,1,-5,0,6,-4,0,-4,0,-1,-3,-3,-4,-2,-3,-4,-1,-3,0,1,0,5,0,2,71,0,2,0,12,1,0,1,0,1,0,0,3,2,1.11,0.39,0
1DFJ,I,430,TYR,HS,-2,0,-1,2,-4,-2,-2,-1,1,-3,-2,-2,-1,4,-4,0,-2,2,6,-2,1,5,2,13,0,1,0,5,3,0,2,2,1,15,0,10,1,2,34,3,0.56,0.25,1
1DFJ,I,431,ASP,HS,-2,-2,0,5,-4,-1,0,2,0,-4,-4,-2,-4,-4,-3,1,1,-2,0,-3,0,2,3,46,0,1,3,15,2,0,0,1,0,0,0,12,10,1,3,1,0.69,0.27,1
1DFJ,I,433,TYR,HS,-2,-2,0,1,-1,-2,0,0,4,-3,-3,-3,-3,1,-3,1,-2,1,6,-3,1,2,4,11,1,0,4,9,11,1,1,0,0,5,0,13,2,1,34,0,0.55,0.25,1
1DFJ,I,453,ARG,NS,-3,5,-2,2,-4,0,-1,-4,-2,-2,-2,4,-3,-3,-3,-2,2,-5,-3,-2,0,34,0,12,0,2,0,0,0,3,2,30,0,1,0,0,13,0,0,3,0.65,0.26,0
1DZI,A,154,ASN,NS,0,0,0,0,0,0,0,0,0,0,0,0,0,0,0,0,0,0,0,0,0,0,0,0,0,0,0,0,0,0,0,0,0,0,0,0,0,0,0,0,0.0,0.0,0
1DZI,A,157,TYR,HS,0,0,0,0,0,0,0,0,0,0,0,0,0,0,0,0,0,0,0,0,0,0,0,0,0,0,0,0,0,0,0,0,0,0,0,0,0,0,0,0,0.0,0.0,1
1DZI,A,215,GLN,HS,0,0,0,0,0,0,0,0,0,0,0,0,0,0,0,0,0,0,0,0,0,0,0,0,0,0,0,0,0,0,0,0,0,0,0,0,0,0,0,0,0.0,0.0,1
1DZI,A,219,ASP,NS,0,0,0,0,0,0,0,0,0,0,0,0,0,0,0,0,0,0,0,0,0,0,0,0,0,0,0,0,0,0,0,0,0,0,0,0,0,0,0,0,0.0,0.0,0
1DZI,A,220,LEU,NS,0,0,0,0,0,0,0,0,0,0,0,0,0,0,0,0,0,0,0,0,0,0,0,0,0,0,0,0,0,0,0,0,0,0,0,0,0,0,0,0,0.0,0.0,0
1DZI,A,221,THR,HS,0,0,0,0,0,0,0,0,0,0,0,0,0,0,0,0,0,0,0,0,0,0,0,0,0,0,0,0,0,0,0,0,0,0,0,0,0,0,0,0,0.0,0.0,1
1DZI,A,256,GLU,NS,0,0,0,0,0,0,0,0,0,0,0,0,0,0,0,0,0,0,0,0,0,0,0,0,0,0,0,0,0,0,0,0,0,0,0,0,0,0,0,0,0.0,0.0,0
1DZI,A,258,HIS,NS,0,0,0,0,0,0,0,0,0,0,0,0,0,0,0,0,0,0,0,0,0,0,0,0,0,0,0,0,0,0,0,0,0,0,0,0,0,0,0,0,0.0,0.0,0
1ES7,A,26,VAL,NS,-1,0,0,3,-4,2,5,-2,0,-3,-3,1,-2,-4,-1,0,-1,-3,-2,-3,0,0,0,16,0,0,84,0,0,0,0,0,0,0,0,0,0,0,0,0,0.68,0.0,0
1ES7,A,31,TRP,HS,-2,-2,-4,-4,-1,-2,-3,-4,-3,2,4,-3,2,0,-3,-3,-1,-2,-1,1,0,0,0,0,0,0,0,0,0,0,100,0,0,0,0,0,0,0,0,0,0.46,0.0,1
1ES7,A,49,PHE,NS,1,-1,1,0,-1,0,0,0,-1,-3,-3,0,-2,-3,-1,4,2,-3,-2,-2,0,0,0,0,0,0,0,0,0,0,0,0,0,0,0,100,0,0,0,0,0.45,0.0,0
1ES7,A,50,PRO,NS,0,-3,-3,-3,-1,-2,-3,-3,-3,3,1,-2,1,-1,-3,-2,0,-3,-1,4,0,0,0,0,0,0,0,0,0,0,0,0,0,0,0,0,0,0,0,100,0.35,0.0,0
1GL4,A,403,ARG,NS,0,0,0,0,0,0,0,0,0,0,0,0,0,0,0,0,0,0,0,0,0,0,0,0,0,0,0,0,0,0,0,0,0,0,0,0,0,0,0,0,0.0,0.0,0
1GL4,A,427,ASP,HS,0,0,0,0,0,0,0,0,0,0,0,0,0,0,0,0,0,0,0,0,0,0,0,0,0,0,0,0,0,0,0,0,0,0,0,0,0,0,0,0,0.0,0.0,1
1GL4,A,429,HIS,HS,0,0,0,0,0,0,0,0,0,0,0,0,0,0,0,0,0,0,0,0,0,0,0,0,0,0,0,0,0,0,0,0,0,0,0,0,0,0,0,0,0.0,0.0,1
1GL4,A,431,TYR,HS,0,0,0,0,0,0,0,0,0,0,0,0,0,0,0,0,0,0,0,0,0,0,0,0,0,0,0,0,0,0,0,0,0,0,0,0,0,0,0,0,0.0,0.0,1
1GL4,A,440,TYR,NS,0,0,0,0,0,0,0,0,0,0,0,0,0,0,0,0,0,0,0,0,0,0,0,0,0,0,0,0,0,0,0,0,0,0,0,0,0,0,0,0,0.0,0.0,0
1GL4,A,616,GLU,HS,0,0,0,0,0,0,0,0,0,0,0,0,0,0,0,0,0,0,0,0,0,0,0,0,0,0,0,0,0,0,0,0,0,0,0,0,0,0,0,0,0.0,0.0,1
1GL4,A,620,ARG,HS,0,0,0,0,0,0,0,0,0,0,0,0,0,0,0,0,0,0,0,0,0,0,0,0,0,0,0,0,0,0,0,0,0,0,0,0,0,0,0,0,0.0,0.0,1
1UB4,C,453,PHE,NS,0,0,0,0,0,0,0,0,0,0,0,0,0,0,0,0,0,0,0,0,0,0,0,0,0,0,0,0,0,0,0,0,0,0,0,0,0,0,0,0,0.0,0.0,0
1UB4,C,455,LEU,HS,0,0,0,0,0,0,0,0,0,0,0,0,0,0,0,0,0,0,0,0,0,0,0,0,0,0,0,0,0,0,0,0,0,0,0,0,0,0,0,0,0.0,0.0,1
1UB4,C,458,LEU,HS,0,0,0,0,0,0,0,0,0,0,0,0,0,0,0,0,0,0,0,0,0,0,0,0,0,0,0,0,0,0,0,0,0,0,0,0,0,0,0,0,0.0,0.0,1
1FCC,C,25,THR,NS,0,-1,-1,1,-2,0,2,-2,-2,-1,-1,0,-1,-3,-2,0,4,-3,-2,-1,7,0,0,7,0,2,19,0,0,3,6,7,0,0,0,0,46,0,0,2,0.29,0.09,0
1FCC,C,27,GLU,HS,-1,2,-1,0,-4,1,5,0,-1,-4,-3,1,-2,0,-2,-1,-2,-3,-2,-3,4,11,0,0,0,0,67,6,0,0,0,4,0,7,0,0,0,0,0,0,0.6,0.13,1
1FCC,C,28,LYS,NS,0,1,1,1,-3,3,0,-2,0,-3,-3,4,-2,-4,-2,0,-1,-3,-2,-3,4,2,5,7,0,20,0,0,2,0,0,54,0,0,0,6,0,0,0,0,0.49,0.11,0
1FCC,C,31,LYS,HS,-2,4,-1,-2,-4,0,0,-3,-1,-1,-2,4,-2,0,1,-1,-2,-3,-2,-2,0,37,0,0,0,0,4,0,0,5,0,40,0,7,6,0,0,0,0,0,0.49,0.11,1
1FCC,C,35,ASN,HS,0,-1,6,0,-3,-1,-1,-1,0,-4,-4,1,-3,-4,-2,1,0,-4,-3,-3,7,0,67,0,0,0,0,0,0,0,0,11,0,0,0,11,4,0,0,0,0.71,0.14,1
1FCC,C,40,ASP,NS,-2,-2,2,5,-4,1,2,0,-1,-4,-4,-1,-3,-4,1,0,0,-4,-3,-3,0,0,7,54,0,5,15,5,0,0,0,0,0,0,6,3,4,0,0,0,0.65,0.1,0
1FCC,C,42,GLU,NS,-2,-2,-1,4,-3,0,4,-3,-1,-1,-2,-1,-2,-3,-2,-1,-1,-3,0,1,0,0,0,29,0,0,46,0,0,0,0,0,0,0,0,0,0,0,5,21,0.5,0.11,0
1FCC,C,43,TRP,HS,-4,-4,-5,-5,-4,-3,-4,-4,-4,-4,-3,-4,-3,2,0,-4,-4,12,1,-4,0,0,0,0,0,0,0,0,0,0,0,0,0,7,6,0,0,86,0,0,2.75,0.27,1
3SAK,C,8,GLU,NS,-2,-1,-1,2,-5,1,6,-2,-1,-4,-4,0,-3,-4,1,-1,-2,-4,-3,-4,0,0,0,6,0,0,84,2,0,0,0,0,0,0,8,0,0,0,0,0,1.07,0.19,0
3SAK,C,10,PHE,HS,-3,-3,-4,-4,-4,-3,-1,-4,-1,-1,-1,-3,-1,7,-4,-3,-3,0,5,-2,0,0,0,0,0,0,6,0,0,0,1,0,0,70,0,0,0,0,23,0,1.14,0.18,1
3SAK,C,11,THR,NS,-1,-2,0,-2,-2,-2,-2,-2,-1,-1,-1,-1,-1,-2,1,0,5,-3,0,0,0,0,2,0,0,0,0,1,2,3,5,1,0,1,6,2,70,0,3,5,0.55,0.14,0
3SAK,C,12,LEU,HS,-2,-3,-4,-5,-2,-3,-4,-5,-4,1,5,-3,1,-1,0,-3,-2,-3,-2,0,0,0,0,0,0,0,0,0,0,0,94,0,0,0,6,0,0,0,0,0,0.84,0.16,1
3SAK,C,13,GLN,NS,-2,1,0,-1,-4,6,1,-2,2,-4,-3,3,-2,-4,-1,-1,-2,-3,-2,-3,0,4,2,0,0,59,6,1,7,0,1,19,0,0,1,0,0,0,0,0,0.76,0.15,0
3SAK,C,14,ILE,HS,-2,-4,-4,-4,-2,-4,-4,-5,-4,5,1,-4,0,-1,-4,-3,-1,-4,-2,4,0,0,0,0,0,0,0,0,0,68,0,0,0,0,0,0,0,0,0,32,0.79,0.15,1
3SAK,C,15,ARG,NS,-2,7,-1,-3,-1,0,-1,-3,1,-4,-3,2,-2,-4,-3,-2,-1,-4,-3,-3,0,87,0,0,1,0,0,0,3,0,0,4,0,0,0,0,2,0,0,2,1.17,0.19,0
3SAK,C,17,ARG,NS,-2,6,-1,-3,-4,0,-1,-3,0,-4,-3,3,-2,-2,-3,-2,-2,-3,-1,-3,0,79,0,0,0,1,0,0,2,0,1,14,0,1,0,0,0,0,2,0,1.06,0.17,0
3SAK,C,20,PHE,HS,-3,-3,-4,-4,-4,-3,-4,-4,0,-2,-1,-4,-2,6,-4,-3,-3,1,7,-2,0,0,0,0,0,0,0,0,0,0,0,0,0,46,0,0,0,0,54,0,1.34,0.19,1
3SAK,C,23,PHE,HS,-3,-3,-4,-5,-3,-4,-4,-4,-3,1,4,-4,0,6,-4,-3,-2,-1,1,0,0,0,0,0,0,0,0,0,0,4,50,0,0,46,0,0,0,0,0,0,0.76,0.14,1
3SAK,C,26,LEU,HS,-2,-2,-4,-4,-2,-3,-4,-4,-3,4,3,-3,2,0,-4,-3,-2,-3,0,1,0,3,0,0,0,0,0,0,0,44,46,0,4,2,0,0,0,0,2,0,0.54,0.11,1
3SAK,C,27,ASN,NS,-3,-2,8,0,-4,-1,-1,-2,-1,-5,-5,0,-3,-4,-3,-1,-1,-5,-3,-4,0,0,96,0,0,0,0,0,0,0,0,4,0,0,0,0,0,0,0,0,1.47,0.23,0
3SAK,C,30,LEU,HS,-2,-3,-4,-5,-2,-3,-4,-5,-4,1,5,-4,1,2,-4,-3,-2,-2,-1,0,0,0,0,0,0,0,0,0,0,0,93,0,0,7,0,0,0,0,0,0,0.86,0.16,1
3SAK,C,34,ASP,NS,-2,-2,0,6,-4,-1,3,-2,-2,-4,-4,-1,-4,-4,-2,-1,-2,-5,-4,-4,3,0,0,77,0,0,18,0,0,0,0,0,0,0,0,0,0,0,0,0,1.15,0.16,0
1FAK,T,15,LYS,NS,-7,-7,-8,-9,-7,-6,-7,-7,-7,-7,-6,-8,-6,-3,-8,-7,-7,13,-2,-7,0,0,0,0,0,0,0,0,0,0,0,0,0,0,0,0,0,100,0,0,4.98,1.12,0
1FAK,T,17,THR,NS,3,-5,-5,-4,-1,-4,-4,-3,-5,-4,-5,-4,-5,-6,7,-2,0,-6,-5,-1,22,0,0,0,1,0,0,1,0,0,0,0,0,0,61,2,7,0,0,6,1.64,0.53,0
1FAK,T,18,ASN,NS,-3,1,-3,-2,-6,0,2,-3,-3,-4,-5,7,-4,-6,-2,-1,-1,-6,-5,-4,0,4,0,1,0,2,16,1,0,1,0,67,0,0,1,2,4,0,0,0,1.23,0.48,0
1FAK,T,20,LYS,HS,1,-3,-2,-2,-3,-3,-3,-3,-4,2,-2,-3,-1,-3,-2,4,4,-5,-4,0,9,1,0,1,0,0,0,0,0,12,1,0,1,1,2,35,31,0,0,7,0.65,0.36,1
1FAK,T,22,ILE,NS,-5,-4,-3,-5,-2,-1,-4,-6,6,-5,-3,-4,-4,0,4,-4,-4,-2,8,-5,0,1,1,0,1,2,0,0,18,0,1,0,0,2,18,0,1,0,56,0,1.76,0.59,0
1FAK,T,24,GLU,NS,-6,-4,-6,-7,-6,-5,-6,-7,-1,-5,-5,-6,-5,1,-7,-4,-5,-2,10,-5,0,1,0,0,0,0,0,0,1,0,0,0,0,3,0,1,0,0,95,0,3.07,0.85,0
1FAK,T,42,SER,NS,-2,-3,-3,-4,-3,-3,-4,-4,-4,4,-2,-3,1,-3,-4,3,5,-5,-4,0,0,0,0,0,0,0,0,0,0,30,2,1,4,1,0,20,38,0,0,3,0.82,0.41,0
1FAK,T,46,LYS,NS,-3,-3,-2,-1,-5,-1,6,-4,3,-5,-3,-1,1,-1,-4,2,-2,-5,-4,-2,0,0,1,1,0,1,58,0,8,0,1,2,4,3,0,16,2,0,0,3,1.0,0.45,0
1FAK,T,47,SER,NS,-4,-6,-5,-6,11,-5,-6,-5,-6,-4,-4,-6,-4,-5,-5,-4,-4,-5,-5,-4,1,0,0,0,93,0,0,1,0,0,1,0,0,0,0,1,0,0,0,0,3.56,0.83,0
1FAK,T,48,LYS,NS,-4,-4,3,7,-5,-3,0,-4,-3,-5,-5,-3,-5,-5,-4,-2,-3,-6,-5,-5,1,0,14,76,0,0,3,1,0,0,1,0,0,0,0,2,0,0,0,0,1.8,0.55,0
1FAK,T,50,PHE,NS,-3,-4,-3,-3,-3,-3,-3,-4,-4,-4,-4,-3,-3,-5,-4,2,7,-5,-4,-3,1,0,0,0,0,0,0,1,0,0,1,0,0,0,0,15,78,0,0,0,1.62,0.58,0
1FAK,T,58,ASP,HS,0,1,3,2,-4,0,-1,-2,3,-4,-3,4,-3,-1,-3,1,-1,-4,-1,-4,8,7,17,11,0,4,1,1,7,0,1,28,0,3,0,9,2,0,2,0,0.43,0.25,1
1FAK,T,128,GLU,NS,-3,-2,2,6,-5,1,3,-3,-1,-5,-5,-1,-4,-5,-3,-2,-3,-5,-4,-4,1,1,8,57,0,5,20,1,1,0,1,3,0,0,0,1,0,0,0,1,1.16,0.38,0
1FAK,T,133,LEU,NS,-3,-4,-5,-5,-3,-4,-4,-5,-4,4,4,-4,0,-2,-4,-4,-2,-4,-3,3,0,0,0,0,0,0,0,0,0,29,41,0,0,0,0,0,0,0,0,26,0.84,0.31,0
1FAK,T,135,ARG,NS,-5,-3,-5,-6,-6,-5,-4,1,-2,-5,-3,-5,-4,1,-6,-5,-5,-1,9,-5,0,2,0,0,0,0,1,13,0,0,2,0,0,3,0,0,0,0,80,0,2.21,0.67,0
1FAK,T,140,PHE,NS,0,-2,-1,1,-2,-1,1,-3,-2,0,-2,-1,-2,-3,2,2,3,-3,-2,-1,8,1,1,9,0,2,10,0,0,8,2,2,0,0,12,20,19,0,1,4,0.29,0.19,0
1FAK,T,203,THR,NS,0,0,0,0,0,0,0,0,0,0,0,0,0,0,0,0,0,0,0,0,0,0,0,0,0,0,0,0,0,0,0,0,0,0,0,0,0,0,0,0,0.0,0.0,0
1FAK,T,207,VAL,NS,0,0,0,0,0,0,0,0,0,0,0,0,0,0,0,0,0,0,0,0,0,0,0,0,0,0,0,0,0,0,0,0,0,0,0,0,0,0,0,0,0.0,0.0,0
1IAR,A,5,ILE,NS,-2,-1,0,0,-2,-2,-2,-3,-1,4,0,-1,0,-2,0,-1,1,-3,-1,2,1,4,5,6,0,0,1,1,2,35,7,3,0,0,5,5,8,0,2,17,0.2,0.14,0
1IAR,A,6,THR,NS,1,-2,0,1,-2,-2,-2,-2,-1,1,-1,-2,-1,0,2,1,3,-3,-2,0,12,1,3,7,0,0,0,0,1,9,6,0,0,4,10,7,33,0,0,7,0.25,0.15,0
1IAR,A,8,GLN,NS,-2,3,-1,-2,-4,4,1,-2,-2,-3,-3,4,1,-4,0,-1,-1,-4,-3,-3,1,17,1,0,0,23,8,2,0,1,1,31,5,0,4,3,3,0,0,1,0.54,0.23,0
1IAR,A,11,ILE,NS,-4,-5,-6,-6,-3,-5,-6,-6,-6,7,-1,-5,-1,-2,-5,-5,-3,-5,-4,2,0,0,0,0,0,0,0,0,0,93,0,0,0,0,0,0,0,0,0,7,1.7,0.5,0
1IAR,A,13,THR,NS,-1,-2,0,-1,-3,0,-2,-3,-1,2,1,-2,4,-2,-3,0,4,-4,-3,-1,2,1,4,2,0,3,0,0,2,13,16,1,16,0,0,3,36,0,0,0,0.4,0.24,0
1IAR,A,15,ASN,NS,-1,-2,7,1,-4,-2,-2,0,-2,-4,-4,-1,-4,-1,-3,1,-1,-5,-3,-4,5,0,64,5,0,0,0,5,0,0,0,3,0,3,0,10,2,0,0,0,1.02,0.36,0
1IAR,A,16,SER,NS,-1,-1,0,1,-3,1,1,-1,-1,1,-1,0,-1,1,-2,1,1,-3,-1,0,1,1,5,7,0,8,12,3,1,15,2,8,0,9,0,12,12,0,1,3,0.1,0.1,0
1IAR,A,19,GLU,NS,1,0,-1,0,-3,2,4,2,-2,-3,-3,0,1,-4,-2,0,-1,-4,-3,-1,12,3,0,1,0,9,32,19,0,0,1,5,5,0,0,5,3,0,0,3,0.36,0.18,0
1IAR,A,77,LYS,NS,-1,0,-1,0,0,2,-1,2,0,-2,-1,1,-1,-1,1,2,0,-2,-2,-2,2,3,1,4,2,10,2,16,2,1,5,12,2,3,5,23,3,0,1,2,0.18,0.13,0
1IAR,A,78,GLN,NS,-1,0,-1,0,5,0,0,0,1,1,0,-1,-1,-1,-1,0,0,-2,-2,0,3,4,2,5,19,5,5,9,4,10,7,3,1,2,2,7,5,0,1,6,0.16,0.11,0
1IAR,A,81,ARG,NS,-1,3,2,-2,-4,1,-1,-1,1,-3,-2,4,0,-4,-1,0,-1,-4,-3,-2,6,17,13,0,0,7,2,5,4,1,3,28,2,0,3,4,2,0,0,2,0.37,0.23,0
1IAR,A,82,PHE,NS,-2,-1,0,0,0,0,1,-3,3,-1,2,-1,-1,2,-1,-1,-1,-2,2,-1,2,2,4,5,3,5,9,0,11,1,27,3,0,9,2,3,3,0,9,1,0.18,0.17,0
1IAR,A,84,LYS,NS,-1,4,0,-1,-4,3,1,-1,-1,-4,-3,3,-3,-2,-3,1,-2,-4,-3,-3,2,27,4,2,0,14,7,3,1,0,1,20,0,1,0,15,0,0,0,0,0.5,0.26,0
1IAR,A,85,ARG,NS,-1,2,-1,-2,-3,0,-1,4,-2,-2,0,1,-2,-3,-3,-2,-1,-3,-3,-1,3,13,3,1,0,3,3,42,0,1,13,9,0,0,0,0,4,0,0,4,0.41,0.22,0
1IAR,A,88,ARG,NS,-3,7,-3,-3,-4,0,-2,-4,-1,-1,0,0,-2,-4,0,-3,-1,-4,-2,-2,0,65,0,0,0,3,0,0,1,5,8,3,0,0,4,0,3,0,1,3,1.0,0.42,0
1IAR,A,89,ASN,HS,0,-2,6,1,-3,-1,0,0,1,-2,-4,-2,-3,-4,-3,0,-1,-4,-3,-3,7,1,56,7,0,1,6,7,3,2,1,1,0,0,1,5,2,0,0,1,0.83,0.34,1
1IAR,A,91,TRP,NS,-1,2,1,-2,3,1,-1,-1,1,-2,0,1,0,-2,-3,2,-1,1,0,-2,0,16,5,0,7,5,0,3,5,0,10,12,3,0,0,24,1,2,3,1,0.21,0.19,0
1JCK,B,20,THR,NS,-1,-2,1,-2,-2,-2,-2,-3,-2,0,3,-2,0,-1,-3,0,3,-3,-2,1,0,0,9,0,0,0,0,0,0,0,48,0,0,0,0,5,32,0,0,6,0.3,0.09,0
1JCK,B,26,TYR,NS,0,-2,1,-3,1,-2,-2,-3,0,-1,-1,-2,-1,3,-3,1,-1,0,5,1,6,0,8,0,4,0,0,0,0,0,0,0,0,16,0,13,0,0,39,14,0.42,0.1,0
1JCK,B,60,ASN,NS,-1,-1,4,1,-3,1,2,1,1,-3,-3,0,-2,-3,-2,1,0,-3,-2,-3,1,1,36,3,0,5,17,13,4,1,1,1,0,0,1,11,6,0,0,1,0.37,0.07,0
1JCK,B,90,TYR,HS,-3,-3,0,-4,-4,-3,-3,-4,0,-2,-2,-3,-2,5,-4,-3,-3,1,7,-2,0,0,6,0,0,0,0,0,0,0,0,0,0,29,0,0,0,0,66,0,1.21,0.18,1
1JCK,B,91,VAL,HS,-1,-1,0,-1,-3,0,-2,-3,3,-1,-2,-1,-2,1,-3,-1,-2,0,6,1,6,3,6,3,0,4,0,0,8,0,0,4,0,0,0,2,0,0,47,18,0.53,0.17,1
1JCK,B,103,LYS,NS,-1,0,3,0,-3,2,3,0,-1,-3,-3,2,-2,-3,0,0,-1,-3,-2,-2,4,1,25,1,0,9,26,6,0,1,2,15,0,1,4,1,1,0,1,1,0.34,0.08,0
1JCK,B,176,PHE,NS,-3,-1,2,-3,-3,-3,-3,-3,-2,-1,0,-1,-1,7,-4,-2,-2,0,2,-2,0,3,13,0,0,0,0,0,0,0,4,6,0,70,0,0,0,0,3,0,0.79,0.15,0
1GCQ,C,608,PRO,NS,0,0,0,0,0,0,0,0,0,0,0,0,0,0,0,0,0,0,0,0,0,0,0,0,0,0,0,0,0,0,0,0,0,0,0,0,0,0,0,0,0.0,0.0,0
1GCQ,C,609,PRO,NS,0,0,0,0,0,0,0,0,0,0,0,0,0,0,0,0,0,0,0,0,0,0,0,0,0,0,0,0,0,0,0,0,0,0,0,0,0,0,0,0,0.0,0.0,0
1GCQ,C,657,PRO,NS,0,0,0,0,0,0,0,0,0,0,0,0,0,0,0,0,0,0,0,0,0,0,0,0,0,0,0,0,0,0,0,0,0,0,0,0,0,0,0,0,0.0,0.0,0
1AK4,D,485,PRO,NS,0,0,0,0,0,0,0,0,0,0,0,0,0,0,0,0,0,0,0,0,0,0,0,0,0,0,0,0,0,0,0,0,0,0,0,0,0,0,0,0,0.0,0.0,0
1AK4,D,486,VAL,NS,0,0,0,0,0,0,0,0,0,0,0,0,0,0,0,0,0,0,0,0,0,0,0,0,0,0,0,0,0,0,0,0,0,0,0,0,0,0,0,0,0.0,0.0,0
1AK4,D,487,HIS,NS,0,0,0,0,0,0,0,0,0,0,0,0,0,0,0,0,0,0,0,0,0,0,0,0,0,0,0,0,0,0,0,0,0,0,0,0,0,0,0,0,0.0,0.0,0
1AK4,D,489,GLY,HS,0,0,0,0,0,0,0,0,0,0,0,0,0,0,0,0,0,0,0,0,0,0,0,0,0,0,0,0,0,0,0,0,0,0,0,0,0,0,0,0,0.0,0.0,1
1AK4,D,490,PRO,HS,0,0,0,0,0,0,0,0,0,0,0,0,0,0,0,0,0,0,0,0,0,0,0,0,0,0,0,0,0,0,0,0,0,0,0,0,0,0,0,0,0.0,0.0,1
1AK4,D,491,ILE,NS,0,0,0,0,0,0,0,0,0,0,0,0,0,0,0,0,0,0,0,0,0,0,0,0,0,0,0,0,0,0,0,0,0,0,0,0,0,0,0,0,0.0,0.0,0
1AK4,D,493,PRO,NS,0,0,0,0,0,0,0,0,0,0,0,0,0,0,0,0,0,0,0,0,0,0,0,0,0,0,0,0,0,0,0,0,0,0,0,0,0,0,0,0,0.0,0.0,0
2I9B,E,137,ARG,NS,0,-2,-3,-4,-3,-2,-3,-2,-3,3,1,-2,3,1,-3,0,1,2,2,2,6,2,0,0,0,1,1,2,0,19,11,1,9,5,0,6,8,3,9,14,0.29,0.2,0
2I9B,E,139,LYS,NS,1,-3,1,0,-4,-2,-2,5,-3,-4,-4,-1,-2,-4,-1,1,0,-4,-2,-4,9,0,7,6,0,1,1,43,0,1,1,3,1,0,4,13,7,0,1,0,0.67,0.35,0
2I9B,E,142,ARG,NS,-1,-1,1,1,0,0,-1,-2,0,-1,0,-1,0,-1,2,0,2,2,0,-1,4,3,8,7,2,4,4,3,3,2,9,2,2,2,11,7,16,4,4,4,0.13,0.14,0
2I9B,E,143,HIS,NS,2,-1,-1,-2,-2,0,-1,0,-2,-1,1,-1,-1,-1,1,1,1,0,0,0,21,2,3,2,0,3,4,6,0,2,15,3,0,2,7,11,8,1,4,6,0.11,0.14,0
2I9B,E,145,ARG,NS,1,-1,-1,-1,4,1,1,2,0,-1,0,-1,0,-1,0,-1,-2,-1,-2,-1,10,3,2,3,11,8,9,16,2,3,10,4,3,4,4,2,1,1,0,4,0.13,0.15,0
1UUZ,D,64,CYS,NS,-1,-5,-4,-5,10,-4,-5,-4,-4,-2,-2,-4,-3,-4,-4,-2,-2,-4,-4,-2,0,0,0,0,100,0,0,0,0,0,0,0,0,0,0,0,0,0,0,0,2.2,0.19,0
3BP8,A,136,PHE,NS,-1,-1,-2,-3,-1,0,-2,-3,-2,1,2,-1,6,0,-3,-2,-1,-1,-1,1,0,0,0,0,0,0,0,0,0,0,0,0,100,0,0,0,0,0,0,0,0.34,0.0,0
2WPT,B,54,ARG,NS,2,-1,0,-2,-2,-1,-2,-2,-2,0,0,0,1,-2,-2,4,0,-4,-2,0,16,3,4,0,0,0,0,1,0,6,11,3,4,1,0,46,1,0,0,5,0.3,0.13,0
2WPT,B,72,ASN,NS,-1,2,-2,-3,-3,-2,-2,-3,1,-1,-2,1,-2,5,-3,-1,-1,-1,4,0,6,13,1,0,0,0,0,0,3,1,0,14,0,36,0,3,2,0,15,7,0.45,0.14,0
2WPT,B,74,SER,NS,-2,5,-2,-3,-4,-1,-2,-4,-2,1,-2,0,-2,-4,4,-2,-1,-4,-3,0,0,51,1,0,0,1,0,0,0,14,1,3,0,0,20,1,2,0,0,6,0.74,0.19,0
2WPT,B,75,ASN,NS,-1,1,0,1,-4,0,2,-2,-1,-3,-3,3,-2,0,3,0,-1,-3,-1,-3,2,6,3,6,0,2,17,0,0,1,1,28,1,6,14,9,1,0,2,1,0.34,0.1,0
2WPT,B,77,SER,NS,-3,-2,-1,5,-5,0,5,-1,-2,-5,-5,-1,-4,-5,-3,-2,-2,-5,-4,-4,0,0,0,40,0,2,52,5,0,0,0,0,0,0,0,0,0,0,0,0,1.12,0.24,0
2WPT,B,78,SER,NS,-1,3,-1,-2,-4,5,0,-3,4,-3,-3,1,-2,-3,-3,0,1,-2,-2,-2,4,19,0,0,0,35,0,0,11,1,0,8,0,1,0,7,11,1,0,2,0.54,0.16,0
2WPT,B,84,SER,NS,0,3,-1,-2,-3,0,-1,-2,-2,-3,-3,4,-2,-4,-2,2,1,-4,-3,0,3,20,0,0,0,0,0,1,0,0,0,34,0,0,1,25,9,0,0,7,0.46,0.15,0
2WPT,B,86,PHE,NS,-3,-2,-2,1,-6,0,7,-4,-2,-5,-5,-1,-4,-5,-3,-2,-3,-5,-4,-5,0,0,0,2,0,0,98,0,0,0,0,0,0,0,0,0,0,0,0,0,1.72,0.33,0
2WPT,B,87,THR,NS,-3,-4,-5,-5,-3,-4,-4,-5,-4,4,5,-4,1,-1,-4,-4,-2,-3,-2,0,0,0,0,0,0,0,0,0,0,32,67,0,0,1,0,0,0,0,0,0,0.93,0.21,0
2WPT,B,92,GLN,NS,-2,-4,-2,-3,-4,-4,-4,7,-4,-6,-6,-3,-5,-5,-4,-2,-3,-4,-5,-5,0,0,0,0,0,0,0,100,0,0,0,0,0,0,0,0,0,0,0,0,1.94,0.31,0
2WPT,B,97,LYS,NS,-1,-4,-4,-4,-2,-3,-4,-4,-4,4,1,-3,4,-2,-4,-3,-1,-4,-2,4,3,0,0,0,0,0,0,0,0,32,5,0,15,0,0,1,1,0,0,42,0.67,0.17,0
2WPT,B,98,VAL,NS,-4,-3,-1,7,-5,-2,1,-2,-3,-5,-6,-2,-5,-5,-3,-2,-3,-6,-3,-5,0,0,0,91,0,0,6,2,0,0,0,0,0,0,0,0,0,0,1,0,1.77,0.31,0
2WPT,A,30,GLU,NS,3,-2,1,-3,-3,-1,-3,-3,-2,-1,3,-2,2,-2,-4,-2,-2,3,-3,-1,31,1,10,1,0,3,0,0,0,2,39,1,6,1,0,1,0,4,0,1,0.44,0.23,0
2WPT,A,37,VAL,HS,-3,-5,-6,-6,-3,-4,-5,-6,-5,4,5,-5,1,-2,-5,-4,-3,-4,-3,2,0,0,0,0,0,0,0,0,0,24,59,0,2,0,0,0,0,0,0,14,1.02,0.31,1
2WPT,A,41,GLU,HS,-4,-6,-5,-5,-6,-5,-4,-6,-6,-6,-6,-4,-6,-7,9,-4,-3,-7,-6,-6,0,0,0,0,0,0,0,0,0,0,0,0,0,0,99,0,1,0,0,0,3.12,0.66,1
2WPT,A,50,SER,HS,-1,-5,-5,-5,-6,-5,-4,-5,-3,-6,-6,-4,-6,-7,9,-4,-4,-7,-6,-6,5,0,0,0,0,0,0,0,1,0,0,0,0,0,95,0,0,0,0,0,2.91,0.63,1
2WPT,A,56,PRO,HS,-1,-4,2,7,1,-3,-1,-1,-1,-5,-5,-3,-5,-5,-4,0,-3,-6,-3,-4,6,0,9,66,3,0,0,4,1,0,0,0,0,0,0,8,0,0,1,1,1.26,0.37,1
2PCC,A,34,ASP,NS,-1,-2,1,6,-4,-1,1,0,-2,-3,-4,-1,-3,-4,0,-1,1,-5,-4,-3,3,0,2,68,0,0,4,8,0,1,0,0,0,0,3,1,10,0,0,0,0.82,0.12,0
2PCC,A,197,VAL,HS,-1,-3,-2,-3,-2,-2,-2,-3,-3,1,0,-2,1,-2,-3,0,3,-3,-2,4,0,0,0,0,0,0,0,0,0,3,0,0,5,0,0,5,31,0,0,56,0.45,0.11,1
2PCC,A,290,GLU,HS,-1,-1,0,5,-4,0,4,-2,0,-2,-3,-1,-3,-3,-2,0,-1,-4,-3,-3,5,1,1,45,0,2,36,1,2,2,1,0,0,1,0,4,1,0,0,1,0.64,0.09,1
2PCC,B,87,LYS,NS,-1,-3,-3,-2,-4,-2,-2,-3,-3,-4,-4,-2,-3,-5,8,-2,-2,-5,-4,-3,1,0,0,0,0,0,0,0,0,0,0,0,0,0,99,0,0,0,0,0,2.36,0.13,0
2JEL,P,62,THR,NS,0,-2,1,-2,-2,-1,-2,-2,-2,-1,-1,-2,-1,-3,-2,1,5,-3,-2,0,2,0,6,0,0,0,0,0,0,3,3,0,0,0,0,4,78,0,0,5,0.61,0.11,0
2JEL,P,68,GLU,NS,1,-1,-1,1,-3,1,4,-2,-1,-2,-3,1,-2,-3,1,0,-1,-4,-3,-1,13,0,0,4,0,0,55,0,0,4,0,11,0,0,5,3,1,0,0,3,0.45,0.07,0
2JEL,P,70,GLU,HS,1,-1,-1,0,-4,1,6,-2,-1,-4,-3,0,-3,-4,-2,-1,-1,-4,-3,-3,18,0,0,0,0,0,80,0,0,0,0,1,0,0,0,0,0,0,0,0,0.82,0.12,1
2JEL,P,76,HIS,NS,-1,-1,0,-1,0,1,-1,-3,8,-3,-3,0,-2,0,-3,-1,-1,-2,2,-3,5,1,1,2,3,5,0,0,63,0,0,4,0,3,0,2,4,0,7,0,0.8,0.11,0
2JEL,P,83,GLU,NS,-1,-1,0,1,-4,1,5,-3,-1,-3,-3,1,-2,-4,-2,0,2,-4,-3,-3,0,0,3,1,0,1,66,0,1,0,0,7,0,0,0,1,19,0,0,0,0.67,0.11,0
2O3B,B,24,GLU,HS,-4,-3,0,2,1,0,7,-5,-3,-6,-5,-3,-5,-6,-4,-3,-4,-5,-5,-5,1,0,3,10,3,3,76,0,0,0,1,0,0,0,0,0,0,0,0,0,1.71,0.68,1
2O3B,B,74,GLN,HS,0,0,-1,0,-1,3,2,-2,0,-2,-1,1,-1,-1,0,0,-1,-1,-1,0,10,5,3,5,1,15,15,2,2,1,6,7,2,3,4,8,2,1,2,6,0.15,0.17,1
2O3B,B,76,TRP,HS,-1,-2,-3,0,-5,0,-1,0,-3,-3,-4,-2,-4,-3,1,-2,-4,10,0,-1,5,2,1,5,0,4,5,9,1,2,1,2,0,1,8,3,1,42,2,5,1.47,0.7,1
2BTF,P,59,PHE,HS,-3,-4,-4,-4,-1,-4,-4,-4,0,-1,2,-4,-1,7,-4,-3,-3,0,3,-2,0,0,0,0,2,0,0,0,2,0,18,0,0,68,0,0,0,0,9,0,1.02,0.2,1
2BTF,P,125,LYS,NS,-2,2,-1,-2,-4,1,0,-3,-2,-3,-2,6,-1,-4,1,0,-2,-4,-3,-3,1,3,0,0,0,4,0,0,0,0,3,79,1,0,5,3,0,0,0,0,0.8,0.19,0
1XD3,B,6,LYS,NS,-1,2,0,-1,-3,1,1,-2,-1,-3,-2,4,-1,-3,-1,0,-1,-3,-2,-2,0,0,0,0,0,0,0,0,0,0,0,100,0,0,0,0,0,0,0,0,0.51,0.0,0
1XD3,B,8,LEU,HS,-1,-2,-3,-4,-1,-2,-3,-4,-3,2,4,-2,2,0,-3,-2,-1,-2,-1,1,0,0,0,0,0,0,0,0,0,0,100,0,0,0,0,0,0,0,0,0,0.45,0.0,1
1XD3,B,24,GLU,NS,-1,0,0,2,-4,2,5,-2,0,-3,-3,1,-2,-3,-1,0,-1,-3,-2,-2,0,0,0,0,0,0,100,0,0,0,0,0,0,0,0,0,0,0,0,0,0.73,0.0,0
1XD3,B,27,LYS,NS,-1,2,0,-1,-3,1,1,-2,-1,-3,-2,4,-1,-3,-1,0,-1,-3,-2,-2,0,0,0,0,0,0,0,0,0,0,0,100,0,0,0,0,0,0,0,0,0.51,0.0,0
1XD3,B,39,ASP,NS,-2,-2,1,6,-3,0,2,-1,-1,-3,-4,-1,-3,-3,-1,0,-1,-4,-3,-3,0,0,0,100,0,0,0,0,0,0,0,0,0,0,0,0,0,0,0,0,0.92,0.0,0
1XD3,B,44,ILE,HS,-1,-3,-3,-3,-1,-3,-3,-4,-3,4,2,-3,1,0,-3,-2,-1,-3,-1,3,0,0,0,0,0,0,0,0,0,100,0,0,0,0,0,0,0,0,0,0,0.38,0.0,1
1XD3,B,51,GLU,NS,-1,0,0,2,-4,2,5,-2,0,-3,-3,1,-2,-3,-1,0,-1,-3,-2,-2,0,0,0,0,0,0,100,0,0,0,0,0,0,0,0,0,0,0,0,0,0.73,0.0,0
1XD3,B,52,ASP,NS,-2,-2,1,6,-3,0,2,-1,-1,-3,-4,-1,-3,-3,-1,0,-1,-4,-3,-3,0,0,0,100,0,0,0,0,0,0,0,0,0,0,0,0,0,0,0,0,0.92,0.0,0
1XD3,B,58,ASP,NS,-2,-2,1,6,-3,0,2,-1,-1,-3,-4,-1,-3,-3,-1,0,-1,-4,-3,-3,0,0,0,100,0,0,0,0,0,0,0,0,0,0,0,0,0,0,0,0,0.92,0.0,0
1S1Q,A,43,VAL,NS,1,-1,2,-1,-2,-1,-1,-1,-1,-3,-3,0,-2,-3,-1,4,1,-3,-2,-1,5,0,13,0,0,0,0,0,0,0,0,2,0,0,0,71,6,0,0,3,0.47,0.07,0
1S1Q,A,44,PHE,NS,0,3,0,-1,-2,2,0,-2,-1,-3,-2,2,-1,-3,-2,2,2,-3,-2,-2,0,26,1,0,0,16,0,0,0,0,2,9,0,0,0,29,17,0,0,0,0.34,0.05,0
1S1Q,A,45,ASN,NS,-1,4,-1,-1,-4,2,1,-2,-1,-3,-2,4,0,-3,-2,-1,-1,-3,-2,-3,0,31,0,0,0,7,3,0,0,0,0,55,4,0,0,0,0,0,0,0,0.59,0.07,0
1S1Q,A,46,ASP,NS,-2,-1,0,4,-4,1,5,-2,-1,-4,-3,0,-3,-4,0,0,-1,-4,-3,-3,0,0,2,31,0,0,61,0,0,0,3,0,0,0,2,1,0,0,0,0,0.71,0.07,0
1S1Q,A,75,TRP,NS,-2,-3,-3,-2,-4,-2,-2,-3,-3,-4,-4,-2,-3,-5,8,-2,-2,-5,-4,-3,0,0,0,0,0,0,0,0,0,0,0,0,0,0,100,0,0,0,0,0,2.32,0.13,0
1S1Q,A,88,PHE,NS,0,-1,2,2,-2,-1,-1,-1,-1,-2,-1,-1,2,-2,-2,2,3,-3,-2,-1,3,0,16,13,0,0,0,2,0,0,0,0,16,0,0,24,27,0,0,0,0.26,0.05,0
1LFD,A,20,ARG,NS,-1,-3,-4,-3,-1,-3,-4,-4,-4,5,2,-3,1,0,-3,-3,-1,-3,-2,3,0,0,0,0,0,0,0,0,0,100,0,0,0,0,0,0,0,0,0,0,0.4,0.0,0
1LFD,A,32,LYS,NS,-2,-1,1,5,-4,1,3,-2,2,-4,-4,0,-3,-4,-2,0,-1,-4,-2,-3,0,0,0,61,0,0,31,0,8,0,0,0,0,0,0,0,0,0,0,0,0.67,0.0,0
1LFD,A,48,LYS,NS,-1,2,0,0,-3,2,2,-2,-1,-3,-3,5,-2,-3,-1,0,-1,-3,-2,-3,0,0,0,0,0,0,17,0,0,0,0,83,0,0,0,0,0,0,0,0,0.49,0.0,0
1LFD,A,51,ASP,NS,-1,-3,-4,-3,-1,-3,-4,-4,-4,5,2,-3,1,0,-3,-3,-1,-3,-2,3,0,0,0,0,0,0,0,0,0,100,0,0,0,0,0,0,0,0,0,0,0.4,0.0,0
1LFD,A,52,LYS,NS,-1,-2,-2,-2,-3,-1,-1,-2,-2,-3,-3,-1,-3,-4,8,-1,-1,-4,-3,-3,0,0,0,0,0,0,0,0,0,0,0,0,0,0,100,0,0,0,0,0,2.05,0.01,0
1LFD,A,56,ASP,NS,-2,-1,6,1,-3,0,0,-1,1,-4,-4,0,-2,-3,-2,1,0,-4,-2,-3,0,0,100,0,0,0,0,0,0,0,0,0,0,0,0,0,0,0,0,0,0.74,0.01,0
1LFD,A,57,GLU,NS,0,-3,-3,-4,-1,-2,-3,-4,-3,3,1,-3,1,-1,-3,-2,0,-3,-1,4,0,0,0,0,0,0,0,0,0,0,0,0,0,0,0,0,0,0,0,100,0.36,0.0,0
1KTZ,A,25,ARG,NS,-1,-2,-2,-2,-3,-1,-1,-2,-2,-3,-3,-1,-3,-4,8,-1,-1,-4,-3,-3,0,0,0,0,0,0,0,0,0,0,0,0,0,0,100,0,0,0,0,0,2.05,0.01,0
1KTZ,A,94,ARG,HS,0,0,0,0,0,0,0,0,0,0,0,0,0,0,0,0,0,0,0,0,0,0,0,0,0,0,0,0,0,0,0,0,0,0,0,0,0,0,0,0,0.0,0.0,1
1KTZ,B,27,LEU,HS,-3,-2,-2,3,-5,0,7,-4,-2,-5,-5,-1,-4,-5,-3,0,-3,-5,-4,-4,0,0,0,14,0,0,81,0,0,0,0,0,0,0,0,5,0,0,0,0,1.36,0.3,1
1KTZ,B,30,PHE,HS,-3,-6,-5,-6,11,-6,-6,-5,-6,-4,-4,-6,-4,-5,-5,-3,-3,-5,-5,-3,0,0,0,0,100,0,0,0,0,0,0,0,0,0,0,0,0,0,0,0,3.26,0.47,1
1KTZ,B,32,ASP,NS,-3,-3,5,6,-5,-2,0,-3,-1,-5,-4,-1,-4,-5,-3,-1,-2,-6,-4,-5,0,0,38,54,0,0,1,0,1,0,2,3,0,0,0,1,0,0,0,0,1.22,0.26,0
1KTZ,B,47,ASN,NS,-1,-2,5,-1,-3,-2,-1,-1,-2,-4,-4,-2,-3,-4,-3,5,1,-5,-3,-3,2,1,29,0,0,0,2,1,0,0,0,0,0,0,0,57,8,0,0,0,0.85,0.24,0
1KTZ,B,49,SER,NS,-2,2,-1,-1,-4,2,1,-3,-2,-2,-3,5,-2,-4,-2,-1,2,-4,-3,-1,1,7,0,2,0,9,7,0,0,1,0,47,1,0,0,2,19,0,0,5,0.54,0.18,0
1KTZ,B,50,ILE,NS,-3,-6,-5,-6,11,-6,-6,-5,-6,-4,-4,-6,-4,-5,-5,-3,-3,-5,-5,-3,0,0,0,0,100,0,0,0,0,0,0,0,0,0,0,0,0,0,0,0,3.26,0.47,0
1KTZ,B,51,THR,NS,-2,-2,-3,-2,-3,0,2,-4,-1,3,1,-2,1,-1,-3,-2,-1,-3,-2,2,0,0,0,0,0,4,23,0,1,30,16,1,2,1,0,1,3,0,1,17,0.31,0.13,0
1KTZ,B,52,SER,NS,-3,-4,-5,-6,-4,-3,-5,-5,-4,-1,0,-4,10,-2,-5,-4,-2,-4,-3,-2,0,0,0,0,0,0,0,0,0,1,0,0,98,0,0,0,1,0,0,0,2.35,0.46,0
1KTZ,B,53,ILE,NS,-3,3,-2,-3,-5,0,-1,-3,-2,-4,-4,6,-3,-5,-3,-2,0,-5,-4,-4,0,16,0,0,0,0,0,0,0,0,0,77,0,0,0,1,6,0,0,0,1.19,0.28,0
1KTZ,B,55,GLU,NS,-2,3,-2,-3,-4,1,-1,-3,-2,-2,-2,6,-2,-3,-3,-2,-2,-4,1,-1,0,17,0,0,0,3,0,0,0,3,4,61,1,0,0,0,0,0,5,5,0.76,0.23,0
1KTZ,B,62,VAL,NS,0,-4,-4,-5,-3,-4,-4,-4,-3,0,1,-4,4,6,-4,-3,-3,-1,1,0,10,0,0,0,0,0,0,0,0,4,12,0,17,49,0,0,0,0,2,6,0.79,0.21,0
1KTZ,B,75,GLU,NS,-2,2,2,0,-4,1,0,-3,5,0,-2,2,2,-2,-2,-1,-2,-3,0,-1,0,10,14,4,0,5,5,0,19,6,2,18,8,1,1,0,0,0,2,5,0.29,0.12,0
1KTZ,B,77,VAL,NS,-2,-4,-4,-4,-3,-4,-4,-5,-2,5,1,-4,1,4,-4,-3,-2,-2,1,1,1,0,0,0,0,0,0,0,1,54,7,0,3,24,0,1,1,0,4,4,0.73,0.2,0
1KTZ,B,79,HIS,NS,-1,-2,3,0,-3,-1,-1,-2,-2,-3,-3,-2,-3,-4,2,4,3,-4,-3,-3,1,1,17,2,0,0,2,0,0,0,1,0,0,0,10,45,22,0,0,0,0.6,0.19,0
1KTZ,B,110,PHE,NS,0,0,0,0,0,0,0,0,0,0,0,0,0,0,0,0,0,0,0,0,0,0,0,0,0,0,0,0,0,0,0,0,0,0,0,0,0,0,0,0,0.0,0.0,0
1KTZ,B,112,MET,NS,0,0,0,0,0,0,0,0,0,0,0,0,0,0,0,0,0,0,0,0,0,0,0,0,0,0,0,0,0,0,0,0,0,0,0,0,0,0,0,0,0.0,0.0,0
1KTZ,B,118,ASP,NS,0,0,0,0,0,0,0,0,0,0,0,0,0,0,0,0,0,0,0,0,0,0,0,0,0,0,0,0,0,0,0,0,0,0,0,0,0,0,0,0,0.0,0.0,0
1KTZ,B,119,GLU,NS,0,0,0,0,0,0,0,0,0,0,0,0,0,0,0,0,0,0,0,0,0,0,0,0,0,0,0,0,0,0,0,0,0,0,0,0,0,0,0,0,0.0,0.0,0
1KTZ,B,125,ILE,NS,0,0,0,0,0,0,0,0,0,0,0,0,0,0,0,0,0,0,0,0,0,0,0,0,0,0,0,0,0,0,0,0,0,0,0,0,0,0,0,0,0.0,0.0,0
1H9D,B,3,ARG,NS,-1,-4,-4,-4,-2,-3,-4,-4,-4,2,1,-3,0,0,-4,-3,-1,-4,-2,6,0,0,0,0,0,0,0,0,0,3,5,0,1,4,0,0,0,0,0,87,0.82,0.22,0
1H9D,B,4,VAL,NS,-1,-3,-3,-3,-4,-2,-2,-2,-3,-4,-2,-1,-3,-4,8,0,-2,-5,-4,-3,4,0,0,0,0,0,0,2,0,0,4,2,0,0,80,9,0,0,0,0,1.83,0.26,0
1H9D,B,61,GLY,NS,-3,-2,7,0,-4,-1,-2,-2,-1,-4,-4,-2,-3,-4,-3,0,-1,-4,-3,-2,1,0,87,0,0,0,1,1,0,0,1,0,0,0,0,3,1,0,0,3,1.37,0.3,0
1H9D,B,67,GLN,NS,0,-1,3,0,0,-1,-1,1,-1,-2,-2,-1,-1,2,1,1,0,-2,0,-2,4,3,22,4,3,0,1,12,0,2,2,3,1,16,6,10,6,0,3,1,0.15,0.07,0
1H9D,B,103,LEU,NS,-2,-4,-4,-4,-2,-3,-4,-5,-4,5,3,-3,2,0,-4,-3,-2,-3,-2,2,0,0,0,0,0,0,0,0,0,55,26,0,3,3,0,0,0,0,0,13,0.62,0.15,0
1H9D,B,104,ASN,HS,-3,-3,1,7,-5,-2,1,-3,-2,-5,-5,-2,-4,-5,-3,-2,-2,-6,-4,-5,0,0,4,94,0,0,2,0,0,0,0,0,0,0,0,0,0,0,0,0,1.6,0.27,1
1FFW,B,171,GLU,NS,0,0,0,0,0,0,0,0,0,0,0,0,0,0,0,0,0,0,0,0,0,0,0,0,0,0,0,0,0,0,0,0,0,0,0,0,0,0,0,0,0.0,0.0,0
1FFW,B,178,GLU,NS,0,0,0,0,0,0,0,0,0,0,0,0,0,0,0,0,0,0,0,0,0,0,0,0,0,0,0,0,0,0,0,0,0,0,0,0,0,0,0,0,0.0,0.0,0
1FFW,B,181,HIS,NS,0,0,0,0,0,0,0,0,0,0,0,0,0,0,0,0,0,0,0,0,0,0,0,0,0,0,0,0,0,0,0,0,0,0,0,0,0,0,0,0,0.0,0.0,0
1FFW,B,202,ASP,NS,0,0,0,0,0,0,0,0,0,0,0,0,0,0,0,0,0,0,0,0,0,0,0,0,0,0,0,0,0,0,0,0,0,0,0,0,0,0,0,0,0.0,0.0,0
1FFW,B,207,ASP,NS,0,0,0,0,0,0,0,0,0,0,0,0,0,0,0,0,0,0,0,0,0,0,0,0,0,0,0,0,0,0,0,0,0,0,0,0,0,0,0,0,0.0,0.0,0
1FFW,B,213,CYS,NS,0,0,0,0,0,0,0,0,0,0,0,0,0,0,0,0,0,0,0,0,0,0,0,0,0,0,0,0,0,0,0,0,0,0,0,0,0,0,0,0,0.0,0.0,0
1FFW,B,214,PHE,HS,0,0,0,0,0,0,0,0,0,0,0,0,0,0,0,0,0,0,0,0,0,0,0,0,0,0,0,0,0,0,0,0,0,0,0,0,0,0,0,0,0.0,0.0,1
1FFW,B,216,ILE,NS,0,0,0,0,0,0,0,0,0,0,0,0,0,0,0,0,0,0,0,0,0,0,0,0,0,0,0,0,0,0,0,0,0,0,0,0,0,0,0,0,0.0,0.0,0
3NPS,A,30,GLN,NS,-1,-1,-1,-2,-3,5,0,-2,-2,1,0,1,1,-3,-3,-1,-1,-3,-2,2,3,1,1,0,0,45,1,1,0,11,7,6,4,0,0,1,2,0,0,16,0.4,0.14,0
3NPS,A,41,ILE,NS,1,-1,1,1,-2,0,-1,2,-2,-3,-3,1,-1,-3,-2,3,2,-1,-3,-2,8,1,5,10,0,3,0,14,0,0,0,8,2,0,0,35,13,1,0,0,0.31,0.1,0
3NPS,A,87,ARG,NS,-3,-2,-2,0,-5,2,7,-4,-2,-5,-5,0,-4,-5,-3,-2,-3,-5,-4,-4,0,0,0,0,0,6,92,0,0,0,0,2,0,0,0,0,0,0,0,0,1.46,0.28,0
3NPS,A,94,PHE,NS,-3,-4,-4,-5,-4,-4,-4,-5,-1,-1,1,-4,-1,6,-5,-4,-3,0,6,-2,0,0,0,0,0,0,0,0,0,0,16,0,0,49,0,0,0,0,34,0,1.18,0.22,0
3NPS,A,95,ASN,NS,0,-2,3,-1,-2,-1,-2,-2,-2,-3,-4,-1,-3,-4,-2,5,3,-4,-3,-3,1,0,14,0,0,0,0,0,0,0,0,0,0,0,0,65,20,0,0,0,0.8,0.21,0
3NPS,A,96,ASP,NS,0,-1,3,3,-3,3,0,-2,-1,-4,-4,0,-2,-4,-1,2,0,-4,-3,-3,7,0,21,19,0,17,2,0,0,0,0,6,0,0,1,22,5,0,0,0,0.43,0.12,0
3NPS,A,97,PHE,NS,-2,-2,2,-2,-2,-2,-1,-3,1,-1,-1,-2,-1,1,-3,-1,4,0,3,2,0,0,11,0,0,1,2,0,4,0,2,0,1,4,0,1,36,1,17,22,0.35,0.14,0
3NPS,A,98,THR,NS,-2,-4,-5,-5,-2,-4,-4,-5,-5,6,0,-4,0,-2,-4,-3,-2,-4,-3,4,1,0,0,0,0,0,0,0,0,63,1,0,0,0,0,0,0,0,0,36,0.96,0.21,0
3NPS,A,143,HIS,NS,-3,-2,8,0,-5,-2,-2,-2,-1,-5,-5,-1,-4,-5,-4,-1,-2,-6,-4,-5,0,0,96,1,0,0,0,0,0,0,0,2,0,0,0,1,0,0,0,0,1.77,0.32,0
3NPS,A,145,GLN,NS,-1,-3,0,-1,-3,-1,-2,-3,-3,-2,-3,-2,-2,-4,-3,1,7,-4,-3,-2,1,0,2,2,0,2,0,0,0,0,0,0,0,0,0,7,85,0,0,0,1.1,0.26,0
3NPS,A,146,TYR,NS,-1,-3,-3,-3,-2,-1,-1,-4,-4,2,-1,-2,1,-2,-3,-2,3,-4,-2,5,0,0,0,0,0,2,5,0,0,7,0,0,4,0,0,0,25,0,0,56,0.54,0.17,0
3NPS,A,150,THR,NS,-2,-4,-5,-5,-2,-3,-4,-5,-4,1,5,-4,1,0,-4,-4,-2,-3,-1,2,0,0,0,0,0,0,0,0,0,0,79,0,0,1,0,0,0,0,2,17,0.83,0.19,0
3NPS,A,169,GLU,NS,-2,-4,-4,-4,-2,-3,-4,-4,-4,3,0,-4,-1,-2,-4,-3,-1,-4,-3,6,0,0,0,0,0,0,0,0,0,10,0,0,0,0,0,0,1,0,0,86,0.98,0.22,0
3NPS,A,175,GLN,NS,-4,-3,0,8,-5,-2,0,-3,-3,-5,-6,-2,-5,-5,-3,-2,-3,-6,-5,-5,0,0,0,100,0,0,0,0,0,0,0,0,0,0,0,0,0,0,0,0,1.94,0.31,0
3NPS,A,217,ASP,NS,-3,8,-2,-3,-2,-1,-2,-4,-2,-4,-2,0,-3,-4,-4,-3,-3,-4,-3,-4,0,95,0,0,1,0,0,0,0,1,3,0,0,0,0,0,0,0,0,1,1.6,0.29,0
3NPS,A,222,ARG,NS,-2,0,-1,1,-5,4,6,-3,-1,-4,-4,1,-3,-5,-3,-1,-1,-4,-3,-4,0,2,0,4,0,21,64,0,0,0,1,7,0,0,0,0,2,0,0,0,0.97,0.21,0
3NPS,A,224,LYS,NS,0,-3,-1,-2,-2,-2,-2,-3,-3,-1,-3,-2,-2,-4,-3,2,6,-4,-3,-2,4,0,0,0,0,0,0,0,0,3,0,0,0,0,0,16,77,0,0,0,1.01,0.24,0
2FTL,I,12,GLY,HS,-3,1,-2,-2,-5,-3,-3,-2,2,-2,-3,-2,0,-3,7,-2,-3,-6,-5,-2,0,9,1,1,0,0,1,3,6,3,2,1,3,1,63,3,1,0,0,3,1.49,0.41,1
2FTL,I,15,LYS,HS,5,-4,-2,-3,-3,-3,-3,2,-2,-2,-4,-2,-2,-5,-3,1,-1,-5,-4,-1,66,0,2,1,0,0,0,13,1,2,0,1,1,0,0,7,3,0,0,4,0.89,0.34,1
2FTL,I,18,ILE,HS,-2,0,-3,-3,-4,1,-2,-4,2,3,-1,-1,0,-3,5,-1,1,-4,-1,0,2,5,0,0,0,6,1,0,7,21,3,2,3,0,28,4,9,0,2,7,0.5,0.21,1
2FTL,I,36,GLY,HS,-3,-5,-3,-3,-6,-5,-4,7,-5,-7,-7,-5,-6,-6,-5,-2,-5,-6,-6,-6,0,0,0,1,0,0,1,95,0,0,0,0,0,0,0,3,0,0,0,0,2.22,0.54,1
1Z7X,W,206,GLU,NS,-2,0,0,0,-1,0,4,-2,-2,-3,-4,3,0,-4,-3,1,-1,3,-2,-3,1,4,5,4,2,0,41,1,0,1,0,18,3,0,0,13,1,5,1,1,0.54,0.24,0
1Z7X,W,261,TRP,NS,-4,4,-4,-3,-1,-3,-3,-1,-4,-3,-2,-1,-3,-2,-5,-2,-3,10,0,1,0,24,0,2,1,0,0,6,0,0,4,2,0,0,0,4,0,42,2,14,1.38,0.39,0
1Z7X,W,263,TRP,HS,-3,0,-1,-3,-2,-3,-1,2,-4,-4,-4,0,-4,-3,-5,1,-3,10,-1,-4,1,6,4,1,1,0,4,16,0,1,0,6,0,0,0,15,0,45,0,1,1.43,0.39,1
1Z7X,W,287,GLU,NS,-1,2,-2,1,-6,0,7,-4,-2,-5,-5,0,-4,-5,-4,-2,-3,-5,-4,-3,4,12,0,4,0,0,74,0,1,0,0,3,0,0,0,0,0,0,0,2,1.29,0.42,0
1Z7X,W,289,SER,NS,-1,-3,1,4,-4,-1,0,-3,-3,-4,0,-2,-3,-4,-3,4,-1,-5,-4,-3,1,0,4,32,0,2,5,0,0,0,13,1,0,0,0,42,0,0,0,0,0.67,0.29,0
1Z7X,W,318,TRP,NS,0,2,-1,-5,-4,-2,-4,-1,-4,-4,-4,-1,-4,-2,-5,-1,-4,11,0,-2,10,12,4,0,0,2,0,5,0,1,0,4,0,0,0,5,0,54,1,3,1.78,0.45,0
1Z7X,W,320,LYS,NS,-2,3,-2,2,-2,-1,0,0,-3,-4,-4,3,0,-3,-3,-1,-2,7,-2,-3,1,18,0,15,1,1,4,6,0,0,0,27,3,0,0,2,1,20,0,1,0.74,0.27,0
1Z7X,W,344,GLU,NS,-2,-1,-2,2,-5,0,6,-4,1,-3,-4,-1,-4,-5,-3,-2,-3,-5,-4,0,1,1,0,11,0,1,70,0,3,1,1,2,0,0,0,0,0,0,0,9,1.14,0.39,0
1Z7X,W,375,TRP,NS,-4,2,-1,-5,3,-1,-3,0,-4,-4,-4,-3,-4,-2,-6,-2,-4,11,0,-3,1,11,4,0,6,3,1,8,0,1,0,1,0,1,0,3,0,59,2,1,2.1,0.51,0
1Z7X,W,401,GLU,NS,-3,-2,-3,0,-5,0,6,-4,0,-4,0,-1,-3,-3,-4,-2,-3,-4,0,-3,0,1,0,4,0,2,72,0,2,0,12,1,0,1,0,1,0,0,3,2,1.12,0.4,0
1Z7X,W,434,TYR,HS,-3,-1,-2,2,-4,-2,-2,-1,1,-3,-2,-2,-1,4,-4,0,-2,2,6,-3,1,4,1,14,0,1,1,5,3,0,3,2,1,19,0,9,1,3,36,0,0.67,0.28,1
1Z7X,W,435,ASP,HS,-2,-1,0,5,-4,-2,0,2,0,-4,-4,-2,-4,-3,-3,1,1,-2,0,-3,0,2,2,46,0,0,4,16,2,0,0,1,0,1,0,10,11,1,4,1,0.68,0.27,1
1Z7X,W,437,TYR,HS,-2,-2,0,2,-4,-2,-1,0,4,-3,-3,-3,-3,1,-3,1,-2,1,6,-3,1,1,4,14,0,0,3,9,11,1,1,0,0,5,0,12,1,2,35,0,0.6,0.26,1
1Z7X,W,457,ARG,NS,-2,4,-2,2,-4,0,-1,-3,-2,-2,-2,4,-3,-3,-3,-2,2,-4,-3,-2,0,25,0,16,0,3,0,0,0,3,2,33,0,1,0,0,14,0,0,3,0.57,0.24,0
1Z7X,W,459,ILE,NS,-3,-4,-5,-5,-3,-4,-3,-3,-5,5,4,-4,0,-2,-5,-4,-2,-4,-3,1,0,0,0,0,0,0,1,2,0,37,52,0,0,0,0,0,1,0,0,8,0.85,0.28,0
1PPF,I,13,LYS,NS,-2,2,1,1,-4,2,1,-1,-2,-4,-4,5,-2,-4,-3,1,-1,-4,-3,-4,0,11,7,7,0,8,7,3,0,0,0,45,0,0,0,10,1,0,0,0,0.62,0.21,0
1PPF,I,14,PRO,NS,-1,0,-2,0,-2,-2,-2,-3,-1,0,0,-2,-1,-1,5,-1,1,-4,-3,1,3,7,2,5,1,0,0,0,1,3,11,1,1,3,37,1,12,0,0,12,0.56,0.17,0
1PPF,I,17,THR,HS,-1,-3,-2,-3,-3,-3,-1,-3,-4,-2,-2,-3,0,-3,-1,1,7,-4,-1,-2,4,0,0,0,0,0,3,1,0,1,2,0,3,1,2,6,74,0,2,1,1.08,0.35,1
1PPF,I,18,LEU,NS,1,3,-2,-2,-3,-1,-2,-3,-2,-1,2,1,4,-2,-2,-1,-2,-3,-2,-1,12,24,0,2,0,1,1,0,0,2,27,6,16,0,1,2,1,0,1,2,0.33,0.17,0
1PPF,I,19,GLU,NS,-3,-3,-1,2,-5,0,6,-2,-2,-2,-2,-2,-4,-5,-3,-2,-2,-5,-4,-3,1,0,1,11,0,1,74,2,1,3,5,0,0,0,0,1,1,0,0,1,1.18,0.34,0
1PPF,I,20,TYR,HS,-3,-2,-3,-2,-4,-3,-3,-5,1,-4,-2,-4,-3,1,-5,2,-3,-1,8,-4,0,2,0,2,0,1,1,0,2,0,2,0,0,3,0,21,0,0,65,0,1.44,0.38,1
1PPF,I,21,ARG,NS,-2,1,4,1,-4,1,0,-3,-1,-1,0,0,4,0,-3,-2,-1,-4,-2,-1,1,9,26,9,0,6,4,0,1,1,10,6,19,4,0,0,1,0,0,3,0.34,0.17,0
1PPF,I,32,GLY,NS,1,-2,1,0,-3,-1,-2,5,-2,-4,-5,-2,-3,-4,-2,3,-1,-4,-2,-4,8,1,6,4,0,1,0,50,0,0,0,2,1,0,1,23,2,0,1,0,0.75,0.22,0
1PPF,I,36,ASN,NS,2,-1,3,0,-3,2,0,-1,2,-2,0,-1,-1,0,-3,1,0,-3,0,-2,19,1,18,3,0,11,4,2,5,0,10,0,1,4,0,14,4,0,4,1,0.19,0.12,0
3SGB,I,13,LYS,NS,-1,-5,-3,-4,-5,-4,-4,7,-4,-6,-6,-4,-5,-6,-4,-2,-4,-5,-5,-5,2,0,0,0,0,0,0,98,0,0,0,0,0,0,0,0,0,0,0,0,2.0,0.36,0
3SGB,I,14,PRO,NS,-1,-3,-2,-1,-3,-2,-2,-3,-3,-5,-5,-2,-4,-5,-3,7,1,-5,-4,-4,0,0,0,2,0,0,0,0,0,0,0,0,0,0,0,90,8,0,0,0,1.37,0.36,0
3SGB,I,17,THR,HS,-2,2,-1,-2,-2,3,0,-3,0,-1,-2,5,0,-3,-3,-2,0,-4,-3,0,0,9,2,0,1,18,2,0,2,5,2,43,2,1,0,0,4,0,0,8,0.5,0.18,1
3SGB,I,18,LEU,HS,-2,-3,-1,-3,-3,-3,-2,-4,-4,-2,-3,-3,-3,-4,-3,-1,7,-5,-4,0,0,0,1,0,0,0,2,0,0,1,0,0,0,0,0,0,91,0,0,5,1.53,0.38,1
3SGB,I,19,GLU,NS,-5,-5,-5,-6,-5,-4,-5,-6,-1,-4,-4,-5,-4,1,-6,-4,-4,0,10,-4,0,0,0,0,0,0,0,0,0,0,0,0,0,0,0,0,0,0,100,0,2.72,0.49,0
3SGB,I,20,TYR,NS,1,-2,1,0,-3,-1,-2,5,-2,-4,-4,-1,-3,-4,-2,3,-1,-4,-2,-4,10,2,5,4,0,2,0,46,1,0,0,1,0,0,1,25,1,0,2,0,0.65,0.18,0
3SGB,I,21,ARG,NS,-4,-3,9,0,-5,-2,-3,-3,-2,-6,-6,-3,-5,-6,-5,-2,-3,-6,-5,-6,0,0,98,2,0,0,0,0,0,0,0,0,0,0,0,0,0,0,0,0,2.21,0.44,0
3SGB,I,32,GLY,NS,-1,-1,0,-2,-3,-1,-2,-2,-3,-4,-4,-1,-1,-5,-3,6,1,-5,-4,-4,0,2,2,0,0,1,0,1,0,0,0,2,1,0,0,84,6,0,0,0,1.17,0.33,0
3SGB,I,36,ASN,NS,-3,-4,-5,-5,-3,-4,-5,-6,-5,3,5,-4,1,-1,-5,-4,-3,-4,-3,1,0,0,0,0,0,0,0,0,0,22,73,0,1,0,0,0,0,0,0,3,1.02,0.25,0
2GOX,B,131,ARG,HS,0,0,0,0,0,0,0,0,0,0,0,0,0,0,0,0,0,0,0,0,0,0,0,0,0,0,0,0,0,0,0,0,0,0,0,0,0,0,0,0,0.0,0.0,1
2GOX,B,138,ASN,NS,0,0,0,0,0,0,0,0,0,0,0,0,0,0,0,0,0,0,0,0,0,0,0,0,0,0,0,0,0,0,0,0,0,0,0,0,0,0,0,0,0.0,0.0,0
2J0T,D,2,THR,HS,0,-2,-1,-2,-2,-2,-2,-2,-2,-3,-3,-2,-2,-4,-2,5,4,-4,-3,-2,0,0,0,0,0,0,0,0,0,0,0,0,0,0,0,61,39,0,0,0,0.87,0.24,1
2J0T,D,4,VAL,NS,4,-2,-1,-2,-2,-2,-2,-1,0,-1,-2,-2,-1,-3,-2,3,0,-4,-2,1,50,0,1,0,0,0,0,0,2,0,2,0,2,0,0,30,0,0,0,13,0.45,0.16,0
2J0T,D,66,MET,NS,-1,-2,-2,-2,-2,-2,-2,-3,-2,-1,0,-2,6,1,-3,3,0,-3,0,0,2,0,0,2,0,0,0,0,0,0,5,0,38,5,0,37,5,0,3,4,0.48,0.21,0
2J0T,D,68,SER,HS,3,-2,-1,-2,-2,-2,-1,-1,-2,-3,-4,-2,-3,-4,-2,5,0,-4,-3,-2,30,0,0,0,0,0,1,0,0,0,0,0,0,0,0,68,1,0,0,0,0.83,0.25,1
3BK3,C,18,ILE,NS,-1,-1,-2,1,-3,-1,3,-4,-3,1,-1,-2,0,-3,0,-1,3,-4,-3,3,3,2,0,6,0,0,24,0,0,5,5,0,2,0,4,2,20,0,0,27,0.32,0.2,0
3BK3,C,21,ILE,NS,-2,-4,0,0,-3,-3,-2,-4,-4,5,1,-3,-1,-2,1,-2,-2,-4,-2,3,0,0,6,7,0,0,2,0,0,41,15,0,0,0,7,1,0,0,1,20,0.5,0.23,0
3BK3,C,27,ILE,NS,-2,-1,4,2,-4,-1,0,-2,1,-2,-4,1,-2,-4,1,2,1,-5,-3,-2,1,1,30,13,0,0,6,0,3,2,0,11,1,0,6,17,7,0,0,3,0.45,0.21,0
1EAW,A,23,GLN,NS,-1,-1,1,-1,-3,5,1,-3,0,-2,-3,-1,0,0,-3,1,1,-2,3,-2,1,1,6,2,0,41,6,0,0,1,0,0,3,3,0,13,7,0,14,1,0.44,0.15,0
1EAW,A,26,ILE,NS,0,-3,-4,-4,-2,-3,-3,-4,-4,2,1,-3,0,-2,-3,-2,1,-4,-2,5,5,0,0,0,0,0,0,0,0,11,9,0,0,0,0,0,10,0,0,65,0.63,0.17,0
1EAW,A,45,ILE,NS,-1,-1,-1,-2,-3,5,0,-2,-2,1,0,1,1,-3,-3,-1,-1,-3,-2,2,3,1,1,0,0,45,1,1,0,10,7,6,4,0,0,1,2,0,0,17,0.4,0.14,0
1EAW,A,46,ASP,NS,-2,-2,2,6,-4,2,1,-2,-2,-4,-4,-1,-3,-4,-2,-1,1,-4,-2,-3,0,0,7,62,0,11,4,0,0,0,0,0,0,0,1,1,10,0,1,1,0.87,0.18,0
1EAW,A,47,ASP,NS,-2,-1,1,4,-3,0,2,-2,0,-2,-1,0,-2,-3,1,1,1,-4,-2,-2,0,3,7,36,0,1,12,1,3,1,7,2,1,0,6,10,9,0,1,0,0.37,0.09,0
1EAW,A,48,ARG,NS,0,2,1,1,-3,1,0,2,0,-2,-2,1,-1,-2,0,0,-1,-3,-1,-1,6,18,6,9,0,10,3,16,2,1,2,5,1,2,3,8,1,0,3,4,0.16,0.05,0
1EAW,A,50,PHE,NS,0,-2,0,-2,-2,-2,-1,-2,-1,2,0,-2,0,3,0,-1,1,-2,1,1,8,0,6,1,0,1,4,1,1,22,5,2,3,23,5,0,10,0,2,5,0.14,0.07,0
1EAW,A,51,ARG,NS,-2,5,2,-1,-4,0,0,-3,-1,-4,-3,3,-2,-4,-3,0,-2,-2,-3,-3,1,48,10,2,0,0,3,0,0,0,0,25,1,0,0,8,0,0,0,0,0.7,0.16,0
1EAW,A,52,TYR,NS,-3,-3,-3,-4,-4,-3,-3,-4,3,-2,0,-3,-1,3,-3,-3,-3,0,8,-2,0,0,1,0,0,0,0,0,8,0,9,0,1,7,1,1,0,0,71,0,1.33,0.25,0
1EAW,A,82,ARG,NS,-2,6,-1,-2,-2,4,-1,-3,-1,-4,-4,1,-2,-4,-3,-1,0,-4,-3,-4,0,58,2,0,1,28,0,0,0,0,0,4,0,0,0,3,5,0,0,0,0.98,0.21,0
1EAW,A,89,PHE,NS,-4,-4,-4,-5,-4,-4,-4,-5,-1,-2,-2,-4,-2,6,-5,-4,-3,0,8,-3,0,0,0,0,0,0,0,0,0,0,0,0,0,42,0,0,0,0,58,0,1.63,0.28,0
1EAW,A,90,ASN,NS,-3,-2,8,2,-5,-2,-2,-2,0,-5,-5,-2,-4,-5,-4,-1,-2,-6,-4,-5,0,0,89,9,0,0,0,0,1,0,0,0,0,0,0,2,0,0,0,0,1.6,0.29,0
1EAW,A,91,ASP,NS,0,-1,0,5,-4,1,1,-2,2,-4,-3,0,-3,-3,2,0,-1,-4,-2,-3,7,2,0,45,0,9,5,0,6,0,1,2,0,1,13,7,2,0,1,1,0.57,0.13,0
1EAW,A,92,PHE,NS,-3,-2,-1,-2,-3,-1,-3,-4,0,-1,1,-3,4,5,-4,-2,-2,0,5,-1,0,1,4,3,0,2,0,0,1,2,8,1,16,36,0,1,0,0,25,1,0.65,0.16,0
1EAW,A,93,THR,NS,-2,-3,-1,-2,-3,-2,-2,-3,-3,-2,-3,-2,-2,-4,-3,1,7,-4,-3,-2,0,0,1,1,0,0,0,0,0,0,0,1,0,0,0,6,91,0,0,0,1.28,0.28,0
1EAW,A,138,HIS,NS,4,-1,-2,-2,-2,-1,-2,-2,5,-3,-2,0,-2,-3,-2,0,1,-4,-2,-2,58,3,0,1,0,1,0,0,23,0,2,4,1,0,0,0,8,0,0,1,0.61,0.18,0
1EAW,A,140,GLN,NS,-1,5,-2,-2,-4,3,0,-3,-1,-2,-3,2,-1,-3,-3,-1,-1,-3,0,-1,4,52,0,0,0,18,3,0,0,1,0,7,1,1,0,2,2,0,3,5,0.64,0.16,0
1EAW,A,141,TYR,NS,-3,-2,-2,0,-6,1,7,-4,-2,-5,-5,-1,-4,-5,-3,-2,-3,-5,-2,-4,0,0,0,1,0,1,97,0,0,0,0,0,0,0,0,0,0,0,1,0,1.57,0.3,0
1EAW,A,144,THR,NS,0,-1,0,0,-2,2,0,-1,-2,-1,-1,-1,0,1,0,2,2,-3,0,-1,3,2,2,3,0,12,2,4,0,3,2,1,2,8,3,30,17,0,2,3,0.17,0.08,0
1EAW,A,147,LEU,NS,-1,0,-1,-2,-2,1,-1,-2,-2,-1,1,1,1,-2,-1,2,2,-3,-2,0,2,4,1,0,0,11,0,0,0,1,21,11,5,0,2,19,20,0,0,4,0.17,0.09,0
1EAW,A,163,GLU,NS,-2,0,5,3,-4,0,3,-2,0,-4,-4,1,-3,-4,-3,0,-1,-5,-3,-4,0,3,46,13,0,1,25,0,1,0,0,9,0,0,0,2,0,0,0,0,0.77,0.17,0
1EAW,A,168,GLN,NS,-1,-2,2,3,-4,3,0,4,-1,-4,-4,-1,-3,-3,-3,0,-1,-3,-1,-4,0,0,13,19,0,19,1,40,0,0,0,0,0,1,0,3,1,0,2,0,0.59,0.14,0
1EAW,A,169,GLN,NS,-2,1,-1,0,-4,7,1,-2,-1,-4,-3,0,-1,-4,-1,-1,-2,-4,-3,-2,0,4,0,4,0,74,6,2,1,0,1,0,1,0,3,1,0,0,0,2,1.06,0.24,0
1EAW,A,214,ASP,HS,-3,-2,0,6,-5,0,5,-3,-1,-5,-5,-1,-4,-5,-3,-2,-2,-5,-4,-4,0,0,1,55,0,1,41,0,1,0,0,0,0,0,0,0,0,0,0,1,1.18,0.22,1
1EAW,A,218,GLN,NS,-3,6,-2,-3,-5,5,-1,-4,-2,-4,-3,1,-3,-3,-3,-2,-3,-4,-3,-4,0,68,0,0,0,30,0,0,0,0,1,0,0,1,0,0,0,0,0,0,1.25,0.25,0
1EAW,A,219,ARG,NS,-3,7,-2,-3,-5,0,-2,-4,-2,-5,-4,2,-3,-5,-4,-2,-3,-4,-3,-4,0,92,0,0,0,1,0,0,0,0,0,7,0,0,0,0,0,0,0,0,1.61,0.29,0
1EAW,A,221,LYS,NS,-2,2,-2,-2,-5,0,-1,-3,-2,-4,-4,7,-3,-5,-3,-2,-2,-5,-4,-4,0,6,0,0,0,1,0,0,0,0,0,93,0,0,0,0,0,0,0,0,1.37,0.28,0
3BN9,A,24,GLN,NS,-3,-2,0,-3,-5,-2,-2,-4,10,-5,-5,-3,-4,-3,-3,-3,-4,-5,0,-5,1,0,3,0,0,0,0,0,96,0,0,0,0,0,1,0,0,0,0,0,2.41,0.37,0
3BN9,A,27,ILE,NS,-1,-4,-2,-3,-4,-3,-4,7,-4,-6,-5,-3,-4,-5,-4,-2,-3,-4,-5,-5,1,0,0,0,0,0,0,99,0,0,0,0,0,0,0,0,0,0,0,0,1.82,0.28,0
3BN9,A,46,ILE,NS,-2,-1,1,4,-3,0,2,-2,0,-2,-1,0,-2,-3,1,1,1,-4,-2,-2,0,3,7,36,0,1,12,1,3,1,7,2,1,0,6,10,10,0,1,0,0.36,0.09,0
3BN9,A,47,ASP,NS,0,2,1,1,-3,1,0,2,0,-2,-2,1,-1,-2,0,0,-1,-3,-1,-1,5,18,6,9,0,10,3,17,2,1,2,5,1,2,3,8,1,0,3,4,0.16,0.05,0
3BN9,A,48,ASP,NS,0,1,1,0,-3,1,0,3,-1,-3,-3,1,-2,-1,3,1,-1,-3,-1,-2,4,6,6,3,0,5,2,26,1,1,0,14,0,3,14,10,1,0,2,1,0.29,0.07,0
3BN9,A,49,ARG,NS,0,-2,0,-2,-2,-2,-1,-2,-1,2,0,-2,0,3,0,-1,1,-2,1,1,8,0,6,1,0,1,4,1,1,22,5,2,2,23,5,0,10,0,2,5,0.14,0.07,0
3BN9,A,51,PHE,NS,-3,-3,-3,-4,-4,-3,-3,-4,3,-2,0,-3,-1,3,-3,-3,-3,0,8,-2,0,0,1,0,0,0,0,0,8,0,9,0,1,7,1,1,0,0,71,0,1.34,0.25,0
3BN9,A,52,ARG,NS,0,-1,-1,-2,-2,-1,-1,0,0,-1,-2,0,-2,-3,-2,5,0,-4,-3,-1,4,2,1,0,0,0,2,4,2,4,2,3,0,0,0,71,1,0,0,5,0.59,0.19,0
3BN9,A,53,TYR,NS,-2,-1,0,5,-4,4,2,-2,-1,-2,-3,0,-1,-3,-2,-1,-2,-3,-3,-2,1,0,2,38,0,32,11,1,1,2,2,3,2,0,1,1,1,0,0,2,0.62,0.14,0
3BN9,A,83,ARG,NS,-2,-5,-5,-5,-3,-4,-5,-5,-5,7,0,-4,0,-2,-4,-4,-2,-4,-3,2,1,0,0,0,0,0,0,0,0,93,0,0,1,0,0,0,1,0,0,4,1.26,0.26,0
3BN9,A,90,PHE,NS,0,-1,0,5,-4,1,1,-2,2,-4,-3,0,-3,-3,2,0,-1,-4,-2,-3,8,2,0,44,0,9,5,0,6,0,1,2,0,1,12,7,2,0,1,1,0.56,0.13,0
3BN9,A,91,ASN,NS,-3,-2,-1,-2,-3,-1,-3,-4,0,-1,1,-3,4,5,-4,-2,-2,0,5,-1,0,1,4,3,0,2,0,0,1,2,8,1,16,36,0,1,0,0,24,1,0.65,0.16,0
3BN9,A,94,THR,NS,-3,-3,1,8,-5,-2,0,-3,-3,-5,-5,-2,-5,-5,-3,-2,-2,-6,-5,-5,0,0,4,94,0,0,1,0,0,0,0,0,0,0,0,0,1,0,0,0,1.77,0.29,0
3BN9,A,139,HIS,NS,-1,5,-2,-2,-4,3,0,-3,-1,-2,-3,2,-1,-3,-3,-1,-1,-3,-1,-1,4,53,0,0,0,18,3,0,0,1,0,7,1,1,0,2,2,0,3,5,0.65,0.16,0
3BN9,A,141,GLN,NS,-1,-4,-1,0,-4,-2,-2,6,-2,-5,-4,-3,-3,-5,-4,-2,-3,-4,-4,-4,1,0,1,6,0,2,2,86,1,0,1,0,1,0,0,0,0,0,0,0,1.35,0.23,0
3BN9,A,142,TYR,NS,-1,-4,-2,-3,-4,-3,-4,7,-4,-5,-5,-3,-4,-5,-4,-2,-3,-4,-5,-4,2,0,0,0,0,0,0,96,0,0,0,0,0,0,0,1,0,0,0,1,1.69,0.26,0
1DQJ,A,31,ASN,HS,-1,-1,4,1,-2,-1,-1,-1,1,-2,-2,0,-2,-3,-2,2,3,-3,-1,-1,1,1,36,4,0,0,0,1,3,3,0,2,0,0,0,15,32,0,2,1,0.36,0.04,1
1DQJ,A,32,ASN,HS,-1,-1,1,-1,-3,-1,-2,-2,2,-2,-2,-2,-2,3,-3,0,-1,3,6,-2,6,2,10,4,0,0,0,0,3,0,0,0,0,9,0,8,1,4,53,0,0.52,0.06,1
1DQJ,A,50,TYR,HS,0,0,-1,-2,-2,-1,-2,1,1,-1,0,0,-1,1,-2,0,-1,4,4,-1,7,4,3,0,0,2,0,14,2,1,12,7,0,1,0,8,2,6,29,1,0.19,0.03,1
1DQJ,A,91,SER,NS,0,-2,1,0,0,-1,-1,1,3,-1,-2,-1,-2,1,-2,2,0,-1,3,-2,3,0,6,6,3,0,0,14,11,3,1,0,0,7,0,26,4,0,17,0,0.17,0.03,0
1DQJ,A,96,TYR,NS,-2,1,-3,-3,-3,-2,-2,-3,-1,-1,1,-2,0,3,1,-2,-2,6,4,-1,1,12,0,0,0,0,0,0,0,0,25,0,0,14,7,0,1,16,22,1,0.43,0.04,0
1DQJ,B,32,ASP,HS,-2,-3,-1,-1,-4,-2,-3,-2,1,-3,-2,-3,-2,3,-4,-1,-1,1,8,-2,1,0,2,3,0,0,0,2,2,0,0,0,0,6,0,3,3,0,76,0,1.23,0.2,1
1DQJ,B,33,TYR,HS,1,-3,0,-1,-2,-2,-2,2,-1,-2,-2,-2,-2,1,-2,-1,-1,8,4,-2,14,0,5,4,1,0,1,17,0,1,1,0,0,3,1,2,3,24,22,2,0.61,0.11,1
1DQJ,B,50,TYR,HS,-1,1,0,0,-2,0,1,-2,0,-1,-1,-1,0,0,-3,0,0,5,4,0,4,12,3,5,0,2,11,2,1,0,3,1,4,2,0,5,5,9,21,8,0.2,0.06,1
1DQJ,B,53,TYR,NS,-1,-1,2,-1,-3,-2,-2,2,0,-3,-3,-1,-2,0,3,1,-1,0,3,-3,2,1,16,2,0,0,1,22,1,0,0,1,0,1,15,13,2,1,20,1,0.37,0.09,0
1DQJ,B,98,TRP,HS,-2,0,-1,0,-3,0,0,1,2,-3,-2,-1,-2,1,-2,-1,-1,5,5,-2,1,7,2,6,0,2,6,14,6,0,2,1,0,3,1,5,1,8,33,1,0.37,0.09,1
1DQJ,C,20,TYR,HS,-3,-3,-3,-4,-3,-3,-3,-4,1,-1,-1,-3,-1,4,-4,-3,-3,1,8,-1,0,0,0,0,0,0,0,0,1,4,0,0,0,18,0,0,0,0,76,1,1.18,0.13,1
1DQJ,C,21,ARG,NS,-1,5,-1,-1,-4,1,0,-2,2,-3,-3,2,-2,-3,0,-1,-2,-1,-1,-3,1,59,0,1,0,1,1,2,8,0,1,14,0,0,5,3,0,1,2,0,0.58,0.08,0
1DQJ,C,62,TRP,NS,-3,-3,-4,-5,-3,-3,-3,-4,0,-3,-2,-3,-2,2,-4,-3,-3,9,7,-3,0,0,0,0,0,0,0,0,0,0,1,0,0,0,0,0,0,37,61,0,1.63,0.15,0
1DQJ,C,63,TRP,NS,-4,-4,-5,-6,-4,-3,-4,-4,-4,-4,-3,-4,-3,0,-5,-4,-4,12,1,-4,0,0,0,0,0,0,0,0,0,0,0,0,0,0,0,0,0,100,0,0,3.32,0.23,0
1DQJ,C,75,LEU,NS,4,-2,-2,-2,-1,-2,-2,2,-2,-1,-1,-2,-1,-3,-2,0,-1,-3,-2,0,70,0,1,0,0,0,0,13,0,0,7,0,0,0,0,1,0,0,0,8,0.41,0.08,0
1DQJ,C,89,THR,NS,0,-2,-1,-1,-2,-1,-1,-2,-2,-2,-2,-1,-2,-3,-2,2,5,-3,-2,-1,5,0,0,2,0,0,0,0,0,0,0,2,0,0,0,16,74,0,0,0,0.63,0.11,0
1DQJ,C,93,ASN,NS,2,0,3,0,-2,1,0,-1,-1,-2,-2,1,-2,-3,-2,0,2,-3,-2,-1,27,3,24,1,0,10,5,0,0,3,0,10,0,0,0,1,17,0,0,0,0.25,0.05,0
1DQJ,C,96,LYS,HS,-2,1,-1,-2,-4,1,0,-2,-2,-4,-3,6,-2,-4,-2,-1,-2,-4,-3,-3,0,0,0,0,0,0,1,0,0,0,0,99,0,0,0,0,0,0,0,0,0.98,0.14,1
1DQJ,C,97,LYS,HS,-2,7,-1,-2,-4,0,-1,-3,-1,-4,-3,3,-2,-4,-3,-1,-1,-4,-3,-3,0,87,0,0,0,0,0,0,0,0,0,11,0,0,0,0,1,0,0,0,1.08,0.13,1
1DQJ,C,100,SER,NS,-1,5,-1,-2,-3,1,0,-1,0,-3,-2,2,-2,-3,-2,2,0,-3,-2,-3,0,55,0,0,0,4,1,2,2,0,1,6,0,0,0,28,1,0,0,0,0.55,0.08,0
1DQJ,C,101,ASP,NS,-2,-3,1,7,-4,-1,1,-2,-2,-4,-5,-2,-4,-5,-2,-1,-2,-5,-4,-4,2,0,0,96,0,0,0,1,0,0,0,0,0,0,0,0,0,0,0,0,1.33,0.14,0
2G2U,B,31,GLU,NS,-2,-2,-1,0,-4,0,4,-2,-3,-4,-1,1,-2,-4,0,4,-2,-4,-4,-4,1,0,2,4,0,4,30,2,0,0,8,9,1,0,5,32,0,0,0,0,0.58,0.41,0
2G2U,B,35,SER,NS,0,-2,2,1,-3,0,2,-1,0,-2,-3,-1,0,-2,0,3,1,-4,-2,0,6,0,9,6,0,3,13,3,3,1,1,3,4,2,4,25,7,0,1,7,0.22,0.22,0
2G2U,B,36,PHE,HS,0,0,-1,3,-4,0,2,-3,0,-1,-2,2,0,-1,-3,0,0,-4,0,-2,8,4,2,18,0,3,15,0,2,5,2,16,2,3,0,6,7,0,4,2,0.23,0.21,1
2G2U,B,39,SER,NS,-1,0,0,1,-3,2,1,1,-2,0,-2,-1,-2,-4,1,1,0,-4,-3,0,4,5,3,8,0,13,12,12,0,5,3,2,1,0,6,13,7,0,0,6,0.18,0.19,0
2G2U,B,41,HIS,NS,-2,-2,-1,-2,0,1,0,-4,5,0,-2,3,-1,-1,-4,-1,2,-3,3,-2,3,0,2,2,2,7,4,0,18,6,2,20,1,2,0,4,15,0,11,2,0.43,0.33,0
2G2U,B,48,GLY,NS,-1,-1,1,1,-3,1,0,3,-2,-1,-3,1,-2,-1,-2,0,-1,0,1,-2,4,2,6,8,0,7,5,23,0,5,2,13,0,2,1,7,4,1,7,3,0.19,0.15,0
2G2U,B,50,TYR,NS,0,-1,-2,1,-2,-1,0,1,-1,0,0,-1,1,1,-1,-1,-1,5,2,0,8,2,1,8,0,2,5,11,2,6,9,3,4,6,2,4,2,11,8,5,0.16,0.13,0
2G2U,B,51,TYR,NS,0,-2,0,-2,-3,-2,-1,2,1,0,-1,-1,-1,0,-2,-1,-2,1,4,-1,10,1,5,1,0,1,3,21,3,6,6,5,2,4,2,5,1,1,22,4,0.27,0.21,0
2G2U,B,53,TYR,HS,-1,-2,4,0,-3,-2,-1,-1,0,-3,-2,-2,-3,2,0,1,1,1,3,-1,3,1,24,6,0,0,3,4,2,0,3,1,0,8,5,12,7,2,13,5,0.32,0.27,1
2G2U,B,71,SER,NS,2,0,0,-1,-3,2,2,0,-2,-2,-4,1,-1,-4,-3,3,1,-4,-1,-2,16,3,3,2,0,10,14,6,0,2,0,7,2,0,0,23,9,0,2,1,0.31,0.29,0
2G2U,B,73,GLU,NS,1,-2,-1,1,-3,0,2,-1,-2,-1,-1,0,1,0,0,1,0,-3,1,0,11,0,2,7,0,4,15,4,0,4,4,7,5,5,4,12,4,0,6,6,0.1,0.13,0
2G2U,B,74,LYS,NS,-1,0,0,-1,-3,1,-1,3,-2,-2,-1,0,-2,1,-3,1,-1,-3,1,-1,4,5,5,2,0,6,3,28,0,2,5,7,0,6,0,14,3,0,6,3,0.23,0.21,0
2G2U,B,112,TRP,NS,-1,0,-1,-1,-2,1,-1,-2,-1,1,1,0,1,0,-2,0,1,2,-1,0,2,7,2,2,0,7,2,2,1,14,19,4,4,3,1,10,9,4,0,7,0.08,0.08,0
2G2U,B,113,SER,NS,1,0,0,0,-2,-1,-1,-1,-2,-2,-3,-1,0,-3,-2,5,0,2,-1,-3,10,6,3,4,0,1,2,3,0,2,1,3,3,0,1,51,4,3,2,1,0.49,0.26,0
2G2U,B,141,GLY,NS,-1,-1,3,0,0,0,0,4,-1,-2,-2,-1,-2,-2,-1,0,0,-2,-2,-1,3,3,15,4,2,3,5,33,1,2,3,2,1,1,2,7,6,0,1,5,0.3,0.12,0
2G2U,B,142,PHE,NS,0,0,0,1,-1,0,0,-1,0,-1,0,1,0,1,0,1,0,-1,0,-1,5,5,4,8,1,2,5,4,2,4,8,11,3,8,4,11,4,1,4,4,0.03,0.02,0
2G2U,B,143,TYR,NS,-1,-1,0,2,-1,-1,0,-1,-1,0,0,0,0,2,0,0,0,-1,1,-1,5,2,6,14,1,2,4,4,1,4,12,5,3,11,4,4,7,1,7,3,0.05,0.04,0
2G2U,B,144,ARG,NS,0,-1,0,0,-2,-1,-1,4,-1,-2,-1,-1,-1,-1,1,-1,-1,-1,0,-1,6,4,3,7,1,2,4,35,1,2,7,3,2,3,6,3,4,1,5,3,0.24,0.1,0
2G2U,B,148,HIS,NS,-2,-1,5,0,-3,0,-1,-3,2,-1,-3,0,-3,-3,-3,2,0,1,0,-1,2,3,35,3,0,5,3,0,5,5,1,4,0,0,0,18,5,2,3,4,0.48,0.28,0
2G2U,B,150,TRP,NS,-2,-2,0,-1,-3,-2,-3,-3,0,0,-1,-3,5,-3,-4,0,5,0,0,-1,2,1,3,3,0,1,1,1,3,5,4,0,20,0,0,7,41,2,4,2,0.64,0.39,0
2G2U,B,160,ARG,NS,4,-1,1,-3,-3,-2,-1,-1,-3,-4,-4,-2,-1,-4,-3,4,1,-4,1,-2,38,3,6,0,0,0,2,3,0,0,0,1,1,0,0,30,9,0,5,1,0.6,0.36,0
2G2U,B,162,TRP,NS,-1,-1,-3,-4,-3,-3,-4,-4,-3,0,0,-2,2,5,-4,1,1,1,3,0,5,4,1,0,0,0,0,0,0,4,8,2,5,33,0,11,8,2,12,6,0.52,0.28,0
1CHO,I,17,THR,HS,-3,-3,-3,-4,-4,-3,-3,-5,7,2,3,-4,-1,1,-4,-4,-3,-4,0,0,0,0,0,0,0,0,0,0,39,12,34,0,0,6,0,0,0,0,2,7,0.91,0.27,1
1CHO,I,18,LEU,HS,-3,-7,-6,-7,12,-6,-7,-6,-6,-4,-4,-6,-5,-6,-6,-4,-4,-6,-6,-4,0,0,0,0,100,0,0,0,0,0,0,0,0,0,0,0,0,0,0,0,3.62,0.6,1
1CHO,I,32,GLY,NS,-3,-7,-6,-7,12,-6,-7,-6,-6,-4,-4,-6,-5,-6,-6,-4,-4,-6,-6,-4,0,0,0,0,100,0,0,0,0,0,0,0,0,0,0,0,0,0,0,0,3.62,0.6,0
